Workbook

Sheet DEVO
G1: S1 | H1: S1 | I1: S1 | J1: S1 | K1: S1 | L1: S1 | M1: S1 | N1: S2 | O1: S2 | P1: S2 | Q1: S2 | R1: S2 | S1: S2 | T1: S2 | U1: S3 | V1: S3 | W1: S3 | X1: S3 | Y1: S3 | Z1: S3 | AA1: S3 | AB1: S4 | AC1: S4 | AD1: S4 | AE1: S4 | AF1: S4 | AG1: S4 | AH1: S4 | AI1: S5 | AJ1: S5 | AK1: S5 | AL1: S5 | AM1: S5 | AN1: S5 | AO1: S5 | AP1: S6 | AQ1: S6 | AR1: S6 | AS1: S6 | AT1: S6 | AU1: S6 | AV1: S6 | AW1: S7 | AX1: S7 | AY1: S7 | AZ1: S7 | BA1: S7 | BB1: S7 | BC1: S7 | BD1: S8 | BE1: S8 | BF1: S8 | BG1: S8 | BH1: S8 | BI1: S8 | BJ1: S8 | BK1: S9 | BL1: S9 | BM1: S9 | BN1: S9 | BO1: S9 | BP1: S9 | BQ1: S9
B2: DEVOCIONAL | G2: JUNIO | P2: JULIO | AU2: AGOSTO
G3: SEMANA 1 | N3: SEMANA 2 | U3: SEMANA 3 | AB3: SEMANA 4 | AI3: SEMANA 5 | AP3: SEMANA 6 | AW3: SEMANA 7 | BD3: SEMANA 8 | BK3: SEMANA 9
C4: TUTOR | D4: NOMBRES | E4: DNI | F4: Fecha Nac. | G4: 46195 | H4: =G4+1 -> 46196 | I4: =H4+1 -> 46197 | J4: =I4+1 -> 46198 | K4: =J4+1 -> 46199 | L4: =K4+1 -> 46200 | M4: =L4+1 -> 46201 | N4: =M4+1 -> 46202 | O4: =N4+1 -> 46203 | ... BQ4: =BP4+1 -> 46257
A5: ='D2'!D4 -> ESC.LID-0209 | B5: 1 | C5: ='D2'!C4 -> AUDI ESTELA SAHUANAY HUISACAYNA | D5: ='D2'!F4 -> ALVA PATRÓN, ISAÍAS SAID | E5: ='D2'!G4 -> 72066954 | F5: 39672 | L5: 1 | O5: 1 | Q5: 1 | V5: 1 | X5: 1 | AD5: 1 | AE5: 1 | AY5: 1
A6: ='D2'!D5 -> ESC.LID-0214 | B6: =1+B5 -> 2 | C6: ='D2'!C5 -> AUDI ESTELA SAHUANAY HUISACAYNA | D6: ='D2'!F5 -> ARANDA HACHER, FELIPE MANUEL | E6: ='D2'!G5 -> 42973857 | F6: 31169
A7: ='D2'!D6 -> ESC.LID-0221 | B7: =1+B6 -> 3 | C7: ='D2'!C6 -> AUDI ESTELA SAHUANAY HUISACAYNA | D7: ='D2'!F6 -> CACERES VARGAS, WILBER ALFREDO | E7: ='D2'!G6 -> 09481596 | F7: 25381
A8: ='D2'!D7 -> ESC.LID-0227 | B8: =1+B7 -> 4 | C8: ='D2'!C7 -> AUDI ESTELA SAHUANAY HUISACAYNA | D8: ='D2'!F7 -> COMENTERO CARREÑO, MAYLY | E8: ='D2'!G7 -> 76057551 | F8: 38334
A9: ='D2'!D8 -> ESC.LID-0233 | B9: =1+B8 -> 5 | C9: ='D2'!C8 -> AUDI ESTELA SAHUANAY HUISACAYNA | D9: ='D2'!F8 -> ECHEVARRIA LINARES, EDISON EDWARD’S | E9: ='D2'!G8 -> 73683815 | F9: 34217 | J9: 1 | K9: 1 | L9: 1 | M9: 1 | N9: 1 | O9: 1 | P9: 1 | Q9: 1 | R9: 1 | S9: 1 | T9: 1 | U9: 1 | V9: 1 | W9: 1 | X9: 1 | Y9: 1 | Z9: 1 | AA9: 1 | AB9: 1 | AC9: 1 | AD9: 1 | AE9: 1 | AF9: 1 | AG9: 1 | AH9: 1 | AP9: 1 | AQ9: 1 | AR9: 1 | AS9: 1 | AT9: 1 | AU9: 1 | AV9: 1 | AW9: 1 | AX9: 1 | AY9: 1 | AZ9: 1 | BA9: 1 | BB9: 1 | BC9: 1
A10: ='D2'!D9 -> ESC.LID-0244 | B10: =1+B9 -> 6 | C10: ='D2'!C9 -> AUDI ESTELA SAHUANAY HUISACAYNA | D10: ='D2'!F9 -> LLAJA TICONA , SAINT | E10: ='D2'!G9 -> 70285329 | F10: 36152 | H10: 1 | I10: 1 | J10: 1 | K10: 1 | L10: 1 | M10: 1 | N10: 1 | O10: 1 | P10: 1 | Q10: 1 | R10: 1 | S10: 1 | T10: 1 | U10: 1 | V10: 1 | W10: 1 | Y10: 1 | AB10: 1 | AC10: 1 | AD10: 1 | AE10: 1 | AF10: 1 | AG10: 1 | AH10: 1 | AL10: 1 | AM10: 1 | AP10: 1 | AQ10: 1 | AR10: 1 | AS10: 1 | AT10: 1 | AU10: 1
A11: ='D2'!D10 -> ESC.LID-0245 | B11: =1+B10 -> 7 | C11: ='D2'!C10 -> AUDI ESTELA SAHUANAY HUISACAYNA | D11: ='D2'!F10 -> LUCAS MELGAREJO, NELY | E11: ='D2'!G10 -> 47715838 | F11: 32030 | G11: 1 | H11: 1 | I11: 1 | J11: 1 | K11: 1 | N11: 1 | O11: 1 | P11: 1 | Q11: 1 | R11: 1 | S11: 1 | T11: 1 | U11: 1 | V11: 1 | W11: 1
A12: ='D2'!D11 -> ESC.LID-0247 | B12: =1+B11 -> 8 | C12: ='D2'!C11 -> AUDI ESTELA SAHUANAY HUISACAYNA | D12: ='D2'!F11 -> MARTELL BARRIOS, ZORAIDA | E12: ='D2'!G11 -> 47773475 | F12: 34099 | G12: 1 | H12: 1 | I12: 1 | J12: 1 | K12: 1 | L12: 1 | M12: 1 | N12: 1 | O12: 1 | P12: 1 | Q12: 1 | R12: 1 | S12: 1 | T12: 1 | U12: 1 | V12: 1 | W12: 1 | X12: 1 | Y12: 1 | Z12: 1 | AA12: 1 | AB12: 1 | AC12: 1 | AD12: 1 | AE12: 1 | AF12: 1 | AG12: 1 | AH12: 1 | AI12: 1 | AJ12: 1 | AK12: 1 | AL12: 1 | AM12: 1 | AN12: 1 | AO12: 1 | AP12: 1 | AQ12: 1 | AR12: 1 | AS12: 1 | AT12: 1 | AU12: 1 | AV12: 1 | AW12: 1 | AX12: 1 | AY12: 1 | AZ12: 1 | BA12: 1 | BB12: 1 | BC12: 1 | BD12: 1 | BE12: 1 | BF12: 1 | BG12: 1 | BH12: 1 | BI12: 1 | BJ12: 1 | BK12: 1 | BL12: 1 | BM12: 1 | BN12: 1
A13: ='D2'!D12 -> ESC.LID-0252 | B13: =1+B12 -> 9 | C13: ='D2'!C12 -> AUDI ESTELA SAHUANAY HUISACAYNA | D13: ='D2'!F12 -> ORTIZ GARCIA, ANTHONY | E13: ='D2'!G12 -> 72192544 | F13: 34964 | G13: 1 | T13: 1
A14: ='D2'!D13 -> ESC.LID-0259 | B14: =1+B13 -> 10 | C14: ='D2'!C13 -> AUDI ESTELA SAHUANAY HUISACAYNA | D14: ='D2'!F13 -> PEREYRA CANCHES, EDGAR DANNY | E14: ='D2'!G13 -> 45715957 | F14: 32591
A15: ='D2'!D14 -> ESC.LID-0266 | B15: =1+B14 -> 11 | C15: ='D2'!C14 -> AUDI ESTELA SAHUANAY HUISACAYNA | D15: ='D2'!F14 -> RAMOS ROJAS, SOCORRO | E15: ='D2'!G14 -> 09334182 | F15: ='D2'!I14
A16: ='D2'!D15 -> ESC.LID-0268 | B16: =1+B15 -> 12 | C16: ='D2'!C15 -> AUDI ESTELA SAHUANAY HUISACAYNA | D16: ='D2'!F15 -> REYES RUIZ, MARIBEL MERCEDES | E16: ='D2'!G15 -> 07245185 | F16: 28247 | G16: 1 | H16: 1 | I16: 1 | J16: 1 | K16: 1 | L16: 1 | M16: 1 | N16: 1 | O16: 1 | P16: 1 | Q16: 1 | R16: 1 | S16: 1 | T16: 1 | U16: 1 | V16: 1 | W16: 1 | X16: 1 | Y16: 1 | Z16: 1 | AA16: 1 | AB16: 1 | AC16: 1 | AD16: 1 | AE16: 1 | AF16: 1 | AG16: 1 | AH16: 1 | AI16: 1 | AJ16: 1 | AK16: 1 | AL16: 1 | AM16: 1 | AN16: 1 | AO16: 1 | AP16: 1 | AQ16: 1 | AR16: 1 | AS16: 1 | AT16: 1 | AU16: 1 | AV16: 1 | AW16: 1 | AX16: 1 | AY16: 1 | AZ16: 1 | BA16: 1 | BB16: 1 | BC16: 1 | BD16: 1 | BE16: 1 | BF16: 1 | BG16: 1 | BH16: 1 | BI16: 1 | BJ16: 1 | BK16: 1 | BL16: 1 | BM16: 1 | BN16: 1
A17: ='D2'!D16 -> ESC.LID-0271 | B17: =1+B16 -> 13 | C17: ='D2'!C16 -> AUDI ESTELA SAHUANAY HUISACAYNA | D17: ='D2'!F16 -> RIVAS ALVAREZ, CARMEN | E17: ='D2'!G16 -> 10214646 | F17: ='D2'!I16 -> 27508
A18: ='D2'!D17 -> ESC.LID-0274 | B18: =1+B17 -> 14 | C18: ='D2'!C17 -> AUDI ESTELA SAHUANAY HUISACAYNA | D18: ='D2'!F17 -> ROJAS MORALES, GIANELLA | E18: ='D2'!G17 -> 74971204 | F18: ='D2'!I17 -> 36820 | AB18: 1
A19: ='D2'!D18 -> ESC.LID-0278 | B19: =1+B18 -> 15 | C19: ='D2'!C18 -> AUDI ESTELA SAHUANAY HUISACAYNA | D19: ='D2'!F18 -> SAGASTEGUI ORIHUELA, ALAN ALBERTO | E19: ='D2'!G18 -> 46373531 | F19: ='D2'!I18 -> 33047
A20: ='D2'!D19 -> ESC.LID-0283 | B20: =1+B19 -> 16 | C20: ='D2'!C19 -> AUDI ESTELA SAHUANAY HUISACAYNA | D20: ='D2'!F19 -> SULCA RODRIGUEZ, DIEGO ARMANDO | E20: ='D2'!G19 -> 46258796 | F20: ='D2'!I19 -> 32907
A21: ='D2'!D20 -> ESC.LID-1450 | B21: =1+B20 -> 17 | C21: ='D2'!C20 -> AUDI ESTELA SAHUANAY HUISACAYNA | D21: ='D2'!F20 -> JORIS ONSIA, MAARTEN | E21: ='D2'!G20 -> 04045579 | F21: 30092 | X21: 1 | Y21: 1 | Z21: 1 | AB21: 1 | AC21: 1 | AD21: 1 | AE21: 1 | AF21: 1 | AG21: 1 | AH21: 1 | AI21: 1 | AJ21: 1 | AK21: 1 | AL21: 1 | AM21: 1 | AN21: 1 | AO21: 1 | AP21: 1 | AQ21: 1 | AR21: 1 | AS21: 1 | AT21: 1 | AU21: 1 | AV21: 1 | AW21: 1 | AX21: 1 | AY21: 1 | AZ21: 1 | BA21: 1 | BB21: 1 | BC21: 1 | BD21: 1 | BE21: 1 | BF21: 1 | BG21: 1 | BH21: 1 | BI21: 1 | BJ21: 1 | BK21: 1 | BL21: 1 | BM21: 1 | BN21: 1
A22: ='D2'!D21 -> ESC.LID-1499 | B22: =1+B21 -> 18 | C22: ='D2'!C21 -> AUDI ESTELA SAHUANAY HUISACAYNA | D22: ='D2'!F21 -> SANCHEZ PEREZ, PAMELA ISABEL | E22: ='D2'!G21 -> 72759143 | F22: ='D2'!I21 | AB22: 1 | AC22: 1 | AD22: 1 | AE22: 1 | AF22: 1 | AG22: 1
A23: ='D2'!D22 -> ESC.LID-1504 | B23: =1+B22 -> 19 | C23: ='D2'!C22 -> AUDI ESTELA SAHUANAY HUISACAYNA | D23: ='D2'!F22 -> COELLO PACHECO, JULIO CESAR | E23: ='D2'!G22 -> 21497420 | F23: ='D2'!I22 | AK23: 1 | AL23: 1 | AM23: 1 | AN23: 1 | AO23: 1 | AP23: 1 | AQ23: 1 | AR23: 1 | AS23: 1 | AT23: 1 | AU23: 1 | AV23: 1 | AW23: 1 | AX23: 1 | AY23: 1 | AZ23: 1 | BA23: 1 | BB23: 1 | BC23: 1 | BD23: 1 | BE23: 1 | BF23: 1 | BG23: 1 | BH23: 1 | BI23: 1 | BJ23: 1 | BK23: 1 | BL23: 1 | BM23: 1 | BN23: 1
A24: ='D2'!D23 | B24: =1+B23 -> 20 | C24: ='D2'!C23 | D24: ='D2'!F23 | E24: ='D2'!G23 | F24: ='D2'!I23
A25: ='D2'!D24 | B25: =1+B24 -> 21 | C25: ='D2'!C24 | D25: ='D2'!F24 | E25: ='D2'!G24 | F25: ='D2'!I24
A26: ='D2'!D25 | B26: =1+B25 -> 22 | C26: ='D2'!C25 | D26: ='D2'!F25 | E26: ='D2'!G25 | F26: ='D2'!I25
A27: ='D2'!D26 | B27: =1+B26 -> 23 | C27: ='D2'!C26 | D27: ='D2'!F26 | E27: ='D2'!G26 | F27: ='D2'!I26
A28: ='D2'!D27 | B28: =1+B27 -> 24 | C28: ='D2'!C27 | D28: ='D2'!F27 | E28: ='D2'!G27 | F28: ='D2'!I27
A29: ='D2'!D28 | B29: =1+B28 -> 25 | C29: ='D2'!C28 | D29: ='D2'!F28 | E29: ='D2'!G28 | F29: ='D2'!I28
A30: ='D2'!D29 | B30: =1+B29 -> 26 | C30: ='D2'!C29 | D30: ='D2'!F29 | E30: ='D2'!G29 | F30: ='D2'!I29
A31: ='D2'!D30 | B31: =1+B30 -> 27 | C31: ='D2'!C30 | D31: ='D2'!F30 | E31: ='D2'!G30 | F31: ='D2'!I30
A32: ='D2'!D31 | B32: =1+B31 -> 28 | C32: ='D2'!C31 | D32: ='D2'!F31 | E32: ='D2'!G31 | F32: ='D2'!I31
A33: ='D2'!D32 | B33: =1+B32 -> 29 | C33: ='D2'!C32 | D33: ='D2'!F32 | E33: ='D2'!G32 | F33: ='D2'!I32
A34: ='D2'!D33 | B34: =1+B33 -> 30 | C34: ='D2'!C33 | D34: ='D2'!F33 | E34: ='D2'!G33 | F34: ='D2'!I33
A35: ='D2'!D34 | B35: =1+B34 -> 31 | C35: ='D2'!C34 | D35: ='D2'!F34 | E35: ='D2'!G34 | F35: ='D2'!I34
... A52: ='D2'!D51 | B52: =1+B51 -> 48 | C52: ='D2'!C51 | D52: ='D2'!F51 | E52: ='D2'!G51 | F52: ='D2'!I51
B53: =1+B52 -> 49 | C53: ='D2'!C52 | D53: ='D2'!F52 | E53: ='D2'!G52 | F53: ='D2'!I52
B54: =1+B53 -> 50 | C54: ='D2'!C53 | D54: ='D2'!F53 | E54: ='D2'!G53 | F54: ='D2'!I53
B55: =1+B54 -> 51 | C55: ='D2'!C54 | D55: ='D2'!F54 | E55: ='D2'!G54 | F55: ='D2'!I54
B56: =1+B55 -> 52 | C56: ='D2'!C55 | D56: ='D2'!F55 | E56: ='D2'!G55 | F56: ='D2'!I55
B57: =1+B56 -> 53 | C57: ='D2'!C56 | D57: ='D2'!F56 | E57: ='D2'!G56 | F57: ='D2'!I56
B58: =1+B57 -> 54 | C58: ='D2'!C57 | D58: ='D2'!F57 | E58: ='D2'!G57 | F58: ='D2'!I57
B59: =1+B58 -> 55 | C59: ='D2'!C58 | D59: ='D2'!F58 | E59: ='D2'!G58 | F59: ='D2'!I58
B60: =1+B59 -> 56 | C60: ='D2'!C59 | D60: ='D2'!F59 | E60: ='D2'!G59 | F60: ='D2'!I59
B61: =1+B60 -> 57 | C61: ='D2'!C60 | D61: ='D2'!F60 | E61: ='D2'!G60 | F61: ='D2'!I60
B62: =1+B61 -> 58 | C62: ='D2'!C61 | D62: ='D2'!F61 | E62: ='D2'!G61 | F62: ='D2'!I61
A63: ='D2'!D52 | B63: =1+B62 -> 59 | C63: ='D2'!C62 | D63: ='D2'!F62 | E63: ='D2'!G62 | F63: ='D2'!I62
A64: ='D2'!D53 | B64: =1+B63 -> 60 | C64: ='D2'!C63 | D64: ='D2'!F63 | E64: ='D2'!G63 | F64: ='D2'!I63
G65: =SUM(G5:G64) -> 4 | H65: =SUM(H5:H64) -> 4 | I65: =SUM(I5:I64) -> 4 | J65: =SUM(J5:J64) -> 5 | K65: =SUM(K5:K64) -> 5 | L65: =SUM(L5:L64) -> 5 | M65: =SUM(M5:M64) -> 4 | N65: =SUM(N5:N64) -> 5 | ... BQ65: =SUM(BQ5:BQ64) -> 0

Sheet ASISTENCIA
F1: ASISTENCIA CLASES VIRTUALES | P1: ZOOM Y MEMORIZAR | AU1: SI
F2: SEMANA 1 | G2: SEMANA 2 | H2: SEMANA 3 | I2: SEMANA 4 | J2: SEMANA 5 | K2: SEMANA 6 | L2: SEMANA 7 | M2: SEMANA 8 | N2: SEMANA 9 | P2: Zoom | Q2: Memorizar | R2: Zoom | S2: Memorizar | T2: Zoom | U2: Memorizar | V2: Zoom | W2: Memorizar | X2: Zoom | Y2: Memorizar | Z2: Zoom | AA2: Memorizar | AB2: Zoom | AC2: Memorizar | AD2: Zoom | AE2: Memorizar | AF2: Zoom | AG2: Memorizar | AI2: TRABAJO | AK2: EXAMEN
C3: TUTOR | D3: NOMBRES | E3: DNI | F3: S1 | G3: S2 | H3: S3 | I3: S4 | J3: S5 | K3: S6 | L3: S7 | M3: S8 | N3: S9 | P3: Z1 | Q3: M1 | R3: Z2 | S3: M2 | T3: Z3 | U3: M3 | V3: Z4 | W3: M4 | X3: Z5 | Y3: M5 | Z3: Z6 | AA3: M6 | AB3: Z7 | AC3: M7 | AD3: Z8 | AE3: M8 | AF3: Z9 | AG3: M9 | AI3: T1 | AK3: E1 | AM3: OBSERVACIONES | AN3: Es oyente | AO3: Nombre Lider | AP3: Cell. Lider | AU3: OBSERVACIONES
A4: ='D2'!D4 -> ESC.LID-0209 | B4: 1 | C4: ='D2'!C4 -> AUDI ESTELA SAHUANAY HUISACAYNA | D4: ='D2'!F4 -> ALVA PATRÓN, ISAÍAS SAID | E4: ='D2'!G4 -> 72066954 | F4: 1 | G4: 3 | H4: 2 | I4: 1 | S4: 1 | Y4: 1 | AA4: 1 | AC4: 1 | AE4: 1 | AO4: Daniel Campos | AP4: 913550127 | AU4: 01. ALUMNO - NO DESEA CONTINUAR
A5: ='D2'!D5 -> ESC.LID-0214 | B5: =1+B4 -> 2 | C5: ='D2'!C5 -> AUDI ESTELA SAHUANAY HUISACAYNA | D5: ='D2'!F5 -> ARANDA HACHER, FELIPE MANUEL | E5: ='D2'!G5 -> 42973857 | AM5: No responde el alumno ni el lider | AO5: William Bonifacio | AP5: 981070518 | AU5: 02. ALUMNO - PROBLEMAS PERSONALES
A6: ='D2'!D6 -> ESC.LID-0221 | B6: =1+B5 -> 3 | C6: ='D2'!C6 -> AUDI ESTELA SAHUANAY HUISACAYNA | D6: ='D2'!F6 -> CACERES VARGAS, WILBER ALFREDO | E6: ='D2'!G6 -> 09481596 | AM6: Se converso con su lider , dijo que el alumno está apoyando a su esposa enferma | AO6: Edwin Montano | AP6: 989039557 | AU6: 03. ALUMNO - PROMETE ENVIAR
A7: ='D2'!D7 -> ESC.LID-0227 | B7: =1+B6 -> 4 | C7: ='D2'!C7 -> AUDI ESTELA SAHUANAY HUISACAYNA | D7: ='D2'!F7 -> COMENTERO CARREÑO, MAYLY | E7: ='D2'!G7 -> 76057551 | F7: 1 | G7: 4 | H7: 3 | I7: 1 | J7: 3 | K7: 1 | L7: 1 | M7: 2 | N7: 2 | S7: 1 | W7: 1 | Y7: 1 | AA7: 1 | AC7: 1 | AE7: 1 | AG7: 1 | AI7: 0 | AK7: 20 | AM7: El trabajo no es del libro, ni un libro cristiano, ni una apreciación de clase. | AO7: Miriam | AP7: 976312280 | AU7: 04. ALUMNO - PROMETE ENVIAR PERO NADA
A8: ='D2'!D8 -> ESC.LID-0233 | B8: =1+B7 -> 5 | C8: ='D2'!C8 -> AUDI ESTELA SAHUANAY HUISACAYNA | D8: ='D2'!F8 -> ECHEVARRIA LINARES, EDISON EDWARD’S | E8: ='D2'!G8 -> 73683815 | F8: 1 | G8: 1 | I8: 1 | J8: 2 | K8: 1 | L8: 1 | M8: 1 | N8: 2 | S8: 1 | AE8: 1 | AG8: 1 | AI8: 13 | AK8: 20 | AO8: William Bonifacio | AP8: 981070518 | AU8: 05. ALUMNO - NO SABIA QUE ESTABA MATRICULADO (se informara a Lider)
A9: ='D2'!D9 -> ESC.LID-0244 | B9: =1+B8 -> 6 | C9: ='D2'!C9 -> AUDI ESTELA SAHUANAY HUISACAYNA | D9: ='D2'!F9 -> LLAJA TICONA , SAINT | E9: ='D2'!G9 -> 70285329 | F9: 1 | G9: 1 | H9: 1 | I9: 1 | J9: 1 | K9: 1 | L9: 1 | M9: 1 | N9: 1 | Q9: 2 | U9: 1 | W9: 1 | Y9: 1 | AA9: 1 | AC9: 1 | AE9: 1 | AG9: 1 | AI9: 8 | AK9: 20 | AM9: Presentó un .txt hecho con IA | AO9: Jhon | AP9: 969312062 | AU9: 06. ALUMNO - MENOR DE EDAD (se informara lider para apoyo)
A10: ='D2'!D10 -> ESC.LID-0245 | B10: =1+B9 -> 7 | C10: ='D2'!C10 -> AUDI ESTELA SAHUANAY HUISACAYNA | D10: ='D2'!F10 -> LUCAS MELGAREJO, NELY | E10: ='D2'!G10 -> 47715838 | F10: 1 | G10: 4 | H10: 4 | I10: 4 | J10: 1 | K10: 1 | L10: 1 | M10: 1 | N10: 1 | R10: 2 | S10: 1 | U10: 2 | V10: 5 | W10: 1 | Y10: 1 | AA10: 1 | AC10: 1 | AI10: 12 | AO10: Lucy Guerrero | AP10: 975537169 | AU10: 07. CELULAR - APAGADO/MALOGRADO/EQUIVOCADO
A11: ='D2'!D11 -> ESC.LID-0247 | B11: =1+B10 -> 8 | C11: ='D2'!C11 -> AUDI ESTELA SAHUANAY HUISACAYNA | D11: ='D2'!F11 -> MARTELL BARRIOS, ZORAIDA | E11: ='D2'!G11 -> 47773475 | F11: 4 | G11: 4 | H11: 4 | I11: 4 | J11: 4 | K11: 4 | L11: 3 | M11: 3 | N11: 4 | Q11: 2 | S11: 1 | U11: 1 | W11: 1 | Y11: 1 | AA11: 1 | AC11: 1 | AE11: 2 | AI11: 10 | AK11: 20 | AM11: El trabajo está hecho con IA | AO11: Katerine Salas | AP11: 950198680 | AU11: 08. CELULAR - TIMBRA Y NO CONTESTA
A12: ='D2'!D12 -> ESC.LID-0252 | B12: =1+B11 -> 9 | C12: ='D2'!C12 -> AUDI ESTELA SAHUANAY HUISACAYNA | D12: ='D2'!F12 -> ORTIZ GARCIA, ANTHONY | E12: ='D2'!G12 -> 72192544 | F12: 4 | G12: 1 | J12: 1 | K12: 1 | L12: 1 | M12: 1 | N12: 1 | Q12: 2 | S12: 1 | Y12: 1 | AA12: 1 | AC12: 1 | AE12: 1 | AG12: 1 | AI12: 13 | AK12: 12 | AO12: Jaime Zegarra | AP12: 923877478 | AU12: 09. CELULAR - WHATSAPP DEJA EN VISTO
A13: ='D2'!D13 -> ESC.LID-0259 | B13: =1+B12 -> 10 | C13: ='D2'!C13 -> AUDI ESTELA SAHUANAY HUISACAYNA | D13: ='D2'!F13 -> PEREYRA CANCHES, EDGAR DANNY | E13: ='D2'!G13 -> 45715957 | F13: 1 | G13: 3 | H13: 3 | I13: 4 | J13: 3 | K13: 1 | L13: 1 | M13: 1 | N13: 1 | S13: 1 | U13: 1 | W13: 1 | Y13: 1 | AA13: 1 | AC13: 1 | AE13: 1 | AG13: 1 | AI13: 13 | AK13: 20 | AO13: Carlos González | AP13: 997622122 | AU13: 10. CELULAR - WHATSAPP SE LE LLAMA Y NO CONTESTA
A14: ='D2'!D14 -> ESC.LID-0266 | B14: =1+B13 -> 11 | C14: ='D2'!C14 -> AUDI ESTELA SAHUANAY HUISACAYNA | D14: ='D2'!F14 -> RAMOS ROJAS, SOCORRO | E14: ='D2'!G14 -> 09334182 | AM14: No responde, solo dice "Gracias" y no contesta cuando se le llama | AU14: 11. ESTUDIOS - NO TIENE TIEMPO
A15: ='D2'!D15 -> ESC.LID-0268 | B15: =1+B14 -> 12 | C15: ='D2'!C15 -> AUDI ESTELA SAHUANAY HUISACAYNA | D15: ='D2'!F15 -> REYES RUIZ, MARIBEL MERCEDES | E15: ='D2'!G15 -> 07245185 | F15: 4 | G15: 4 | H15: 4 | I15: 4 | J15: 4 | K15: 1 | L15: 1 | M15: 1 | N15: 3 | Q15: 2 | R15: 2 | S15: 2 | U15: 2 | W15: 1 | Y15: 2 | AA15: 2 | AC15: 2 | AE15: 2 | AG15: 2 | AI15: 19 | AK15: 20 | AO15: Katerine Salas | AP15: 950198680 | AU15: 12. ESTUDIOS - ESTA EN EXAMENES
A16: ='D2'!D16 -> ESC.LID-0271 | B16: =1+B15 -> 13 | C16: ='D2'!C16 -> AUDI ESTELA SAHUANAY HUISACAYNA | D16: ='D2'!F16 -> RIVAS ALVAREZ, CARMEN | E16: ='D2'!G16 -> 10214646 | F16: 1 | G16: 1 | H16: 1 | AO16: Janet López Escobar | AP16: 961852035 | AU16: 13. IGLESIA - SE FUE A OTRA SEDE
A17: ='D2'!D17 -> ESC.LID-0274 | B17: =1+B16 -> 14 | C17: ='D2'!C17 -> AUDI ESTELA SAHUANAY HUISACAYNA | D17: ='D2'!F17 -> ROJAS MORALES, GIANELLA | E17: ='D2'!G17 -> 74971204 | AM17: No contesta, deja en visto | AO17: Luz Bravo | AP17: 919526320 | AU17: 14. IGLESIA - SE RETIRO
A18: ='D2'!D18 -> ESC.LID-0278 | B18: =1+B17 -> 15 | C18: ='D2'!C18 -> AUDI ESTELA SAHUANAY HUISACAYNA | D18: ='D2'!F18 -> SAGASTEGUI ORIHUELA, ALAN ALBERTO | E18: ='D2'!G18 -> 46373531 | F18: 1 | G18: 1 | H18: 1 | I18: 1 | J18: 1 | K18: 1 | L18: 1 | M18: 1 | N18: 3 | Q18: 2 | AI18: 13 | AK18: 16 | AO18: Juan Vasquez | AP18: 991047608 | AU18: 15. IGLESIA - SE FUE A OTRO CURSO
A19: ='D2'!D19 -> ESC.LID-0283 | B19: =1+B18 -> 16 | C19: ='D2'!C19 -> AUDI ESTELA SAHUANAY HUISACAYNA | D19: ='D2'!F19 -> SULCA RODRIGUEZ, DIEGO ARMANDO | E19: ='D2'!G19 -> 46258796 | F19: 1 | Q19: 2 | S19: 1 | U19: 1 | W19: 2 | Y19: 1 | AA19: 1 | AC19: 1 | AE19: 1 | AM19: Se le envía los audios, pero no responde cuando se le pide las clases | AN19: SI | AO19: Jean Franco Vasquez | AP19: 998172190 | AU19: 16. LIDER - APOYANDO A SU DISC.
A20: ='D2'!D20 -> ESC.LID-1450 | B20: =1+B19 -> 17 | C20: ='D2'!C20 -> AUDI ESTELA SAHUANAY HUISACAYNA | D20: ='D2'!F20 -> JORIS ONSIA, MAARTEN | E20: ='D2'!G20 -> 04045579 | G20: 1 | H20: 1 | I20: 2 | J20: 3 | K20: 1 | L20: 2 | M20: 3 | N20: 2 | V20: 5 | AI20: 15 | AK20: 20 | AO20: William Bonifacio | AP20: 981070518 | AU20: 17. LIDER - DICE QUE NO LE CONTESTA
A21: ='D2'!D21 -> ESC.LID-1499 | B21: =1+B20 -> 18 | C21: ='D2'!C21 -> AUDI ESTELA SAHUANAY HUISACAYNA | D21: ='D2'!F21 -> SANCHEZ PEREZ, PAMELA ISABEL | E21: ='D2'!G21 -> 72759143 | F21: 1 | I21: 4 | J21: 5 | K21: 4 | L21: 1 | M21: 1 | N21: 1 | Y21: 2 | AI21: 13 | AK21: 20 | AM21: Está estudiando y trabajando y no tiene tiempo | AO21: Katerine Salas | AP21: 950198680 | AU21: 18. LIDER - PROMETE HABLAR CON SU DISC.
A22: ='D2'!D22 -> ESC.LID-1504 | B22: =1+B21 -> 19 | C22: ='D2'!C22 -> AUDI ESTELA SAHUANAY HUISACAYNA | D22: ='D2'!F22 -> COELLO PACHECO, JULIO CESAR | E22: ='D2'!G22 -> 21497420 | I22: 1 | J22: 1 | K22: 2 | L22: 1 | M22: 1 | N22: 2 | V22: 5 | W22: 1 | Y22: 2 | AA22: 2 | AC22: 2 | AE22: 2 | AG22: 2 | AI22: 11 | AK22: 20 | AM22: El trabajo no es del libro, es una monografía sobre la soledad. | AO22: Henry Quiroz | AP22: 959480317 | AU22: 19. OYENTE - ESPERANDO RPTA. LIDER
A23: ='D2'!D23 | B23: =1+B22 -> 20 | C23: ='D2'!C23 | D23: ='D2'!F23 | E23: ='D2'!G23 | AU23: 20. OYENTE - LIDER NO RESPONDE
A24: ='D2'!D24 | B24: =1+B23 -> 21 | C24: ='D2'!C24 | D24: ='D2'!F24 | E24: ='D2'!G24 | AU24: 21. SALUD - ALUMNO ENFERMO
A25: ='D2'!D25 | B25: =1+B24 -> 22 | C25: ='D2'!C25 | D25: ='D2'!F25 | E25: ='D2'!G25 | AU25: 22. SALUD - EMBARAZO
A26: ='D2'!D26 | B26: =1+B25 -> 23 | C26: ='D2'!C26 | D26: ='D2'!F26 | E26: ='D2'!G26 | AU26: 23. SALUD - FAMILIAR ENFERMO
A27: ='D2'!D27 | B27: =1+B26 -> 24 | C27: ='D2'!C27 | D27: ='D2'!F27 | E27: ='D2'!G27 | AU27: 24. SALUD - HOSPITALIZADO/ACCIDENTADO
A28: ='D2'!D28 | B28: =1+B27 -> 25 | C28: ='D2'!C28 | D28: ='D2'!F28 | E28: ='D2'!G28 | AU28: 25. SALUD - LUTO
A29: ='D2'!D29 | B29: =1+B28 -> 26 | C29: ='D2'!C29 | D29: ='D2'!F29 | E29: ='D2'!G29 | AU29: 26. TRABAJO - NO TIENE TIEMPO
A30: ='D2'!D30 | B30: =1+B29 -> 27 | C30: ='D2'!C30 | D30: ='D2'!F30 | E30: ='D2'!G30 | AU30: 27. TRABAJO - PROVINCIA/EXTRANJERO
A31: ='D2'!D31 | B31: =1+B30 -> 28 | C31: ='D2'!C31 | D31: ='D2'!F31 | E31: ='D2'!G31
A32: ='D2'!D32 | B32: =1+B31 -> 29 | C32: ='D2'!C32 | D32: ='D2'!F32 | E32: ='D2'!G32
A33: ='D2'!D33 | B33: =1+B32 -> 30 | C33: ='D2'!C33 | D33: ='D2'!F33 | E33: ='D2'!G33
A34: ='D2'!D34 | B34: =1+B33 -> 31 | C34: ='D2'!C34 | D34: ='D2'!F34 | E34: ='D2'!G34
A35: ='D2'!D35 | B35: =1+B34 -> 32 | C35: ='D2'!C35 | D35: ='D2'!F35 | E35: ='D2'!G35
A36: ='D2'!D36 | B36: =1+B35 -> 33 | C36: ='D2'!C36 | D36: ='D2'!F36 | E36: ='D2'!G36
A37: ='D2'!D37 | B37: =1+B36 -> 34 | C37: ='D2'!C37 | D37: ='D2'!F37 | E37: ='D2'!G37
A38: ='D2'!D38 | B38: =1+B37 -> 35 | C38: ='D2'!C38 | D38: ='D2'!F38 | E38: ='D2'!G38
A39: ='D2'!D39 | B39: =1+B38 -> 36 | C39: ='D2'!C39 | D39: ='D2'!F39 | E39: ='D2'!G39
A40: ='D2'!D40 | B40: =1+B39 -> 37 | C40: ='D2'!C40 | D40: ='D2'!F40 | E40: ='D2'!G40
A41: ='D2'!D41 | B41: =1+B40 -> 38 | C41: ='D2'!C41 | D41: ='D2'!F41 | E41: ='D2'!G41
A42: ='D2'!D42 | B42: =1+B41 -> 39 | C42: ='D2'!C42 | D42: ='D2'!F42 | E42: ='D2'!G42
... A46: ='D2'!D46 | B46: =1+B45 -> 43 | C46: ='D2'!C46 | D46: ='D2'!F46 | E46: ='D2'!G46
A47: ='D2'!D47 | B47: 44 | C47: ='D2'!C47 | D47: ='D2'!F47 | E47: ='D2'!G47
A48: ='D2'!D48 | B48: 45 | C48: ='D2'!C48 | D48: ='D2'!F48 | E48: ='D2'!G48
A49: ='D2'!D49 | B49: 46 | C49: ='D2'!C49 | D49: ='D2'!F49 | E49: ='D2'!G49
A50: ='D2'!D50 | B50: 47 | C50: ='D2'!C50 | D50: ='D2'!F50 | E50: ='D2'!G50
A51: ='D2'!D51 | B51: 48 | C51: ='D2'!C51 | D51: ='D2'!F51 | E51: ='D2'!G51
A52: ='D2'!D52 | B52: 49 | C52: ='D2'!C52 | D52: ='D2'!F52 | E52: ='D2'!G52
A53: ='D2'!D53 | B53: 50 | C53: ='D2'!C53 | D53: ='D2'!F53 | E53: ='D2'!G53
A54: ='D2'!D54 | B54: 51 | C54: ='D2'!C54 | D54: ='D2'!F54 | E54: ='D2'!G54
A55: ='D2'!D55 | B55: 52 | C55: ='D2'!C55 | D55: ='D2'!F55 | E55: ='D2'!G55
A56: ='D2'!D56 | B56: 53 | C56: ='D2'!C56 | D56: ='D2'!F56 | E56: ='D2'!G56
A57: ='D2'!D57 | B57: 54 | C57: ='D2'!C57 | D57: ='D2'!F57 | E57: ='D2'!G57
A58: ='D2'!D58 | B58: 55 | C58: ='D2'!C58 | D58: ='D2'!F58 | E58: ='D2'!G58
... A63: ='D2'!D63 | B63: 60 | C63: ='D2'!C63 | D63: ='D2'!F63 | E63: ='D2'!G63
F64: =SUM(F4:F63) -> 22 | G64: =SUM(G4:G63) -> 28 | H64: =SUM(H4:H63) -> 24 | I64: =SUM(I4:I63) -> 28 | J64: =SUM(J4:J63) -> 29 | K64: =SUM(K4:K63) -> 19 | L64: =SUM(L4:L63) -> 15 | M64: =SUM(M4:M63) -> 17 | N64: =SUM(N4:N63) -> 23 | P64: =SUM(P4:P63) -> 0 | Q64: =SUM(Q4:Q63) -> 12 | R64: =SUM(R4:R63) -> 4 | S64: =SUM(S4:S63) -> 10 | T64: =SUM(T4:T63) -> 0 | U64: =SUM(U4:U63) -> 8 | V64: =SUM(V4:V63) -> 15 | W64: =SUM(W4:W63) -> 9 | ... AG64: =SUM(AG4:AG63) -> 9
F65: 7 | G65: =F65+7 -> 14 | H65: =G65+7 -> 21 | I65: =H65+7 -> 28 | J65: =I65+7 -> 35 | K65: =J65+7 -> 42 | L65: =K65+7 -> 49 | M65: =L65+7 -> 56 | N65: =M65+7 -> 63 | P65: 7 | R65: =P65+7 -> 14 | T65: =R65+7 -> 21 | V65: =T65+7 -> 28 | X65: =V65+7 -> 35 | Z65: =X65+7 -> 42 | AB65: =Z65+7 -> 49 | AD65: =AB65+7 -> 56 | AF65: =AD65+7 -> 63 | AI65: =AF65 -> 63 | AK65: =AI65 -> 63
F66: =OFFSET(DEVO!$F$4,0,F65) -> 46201 | G66: =OFFSET(DEVO!$F$4,0,G65) -> 46208 | H66: =OFFSET(DEVO!$F$4,0,H65) -> 46215 | I66: =OFFSET(DEVO!$F$4,0,I65) -> 46222 | J66: =OFFSET(DEVO!$F$4,0,J65) -> 46229 | K66: =OFFSET(DEVO!$F$4,0,K65) -> 46236 | L66: =OFFSET(DEVO!$F$4,0,L65) -> 46243 | M66: =OFFSET(DEVO!$F$4,0,M65) -> 46250 | N66: =OFFSET(DEVO!$F$4,0,N65) -> 46257 | P66: =OFFSET(DEVO!$F$4,0,P65) -> 46201 | Q66: =P66 -> 46201 | R66: =OFFSET(DEVO!$F$4,0,R65) -> 46208 | S66: =R66 -> 46208 | T66: =OFFSET(DEVO!$F$4,0,T65) -> 46215 | U66: =T66 -> 46215 | V66: =OFFSET(DEVO!$F$4,0,V65) -> 46222 | W66: =V66 -> 46222 | X66: =OFFSET(DEVO!$F$4,0,X65) -> 46229 | Y66: =X66 -> 46229 | Z66: =OFFSET(DEVO!$F$4,0,Z65) -> 46236 | AA66: =Z66 -> 46236 | AB66: =OFFSET(DEVO!$F$4,0,AB65) -> 46243 | AC66: =AB66 -> 46243 | AD66: =OFFSET(DEVO!$F$4,0,AD65) -> 46250 | AE66: =AD66 -> 46250 | AF66: =OFFSET(DEVO!$F$4,0,AF65) -> 46257 | AG66: =AF66 -> 46257 | AI66: =OFFSET(DEVO!$F$4,0,AI65) -> 46257 | AK66: =OFFSET(DEVO!$F$4,0,AK65) -> 46257

Sheet D2
A1: 5 | B1: =IFERROR(__xludf.DUMMYFUNCTION("QUERY(IMPORTRANGE($F$1,""Hoja1!A8:D47""),""Select Col3,Col4 where Col1=""&A1&"""")"),"ANTIOQUIANOS") -> ANTIOQUIANOS | C1: =IFERROR(__xludf.DUMMYFUNCTION("""COMPUTED_VALUE"""),"AUDI ESTELA SAHUANAY HUISACAYNA") -> AUDI ESTELA SAHUANAY HUISACAYNA | F1: 1AoYstZNHHVYHovopoDScSPeXriWKbKp9iByxtjEjal4 | L1: S1 | M1: Z1 | N1: M1 | O1: =ASISTENCIA!$F$66 -> 46201 | P1: S2 | Q1: Z2 | R1: M2 | S1: =ASISTENCIA!$G$66 -> 46208 | T1: S3 | U1: Z3 | V1: M3 | W1: =ASISTENCIA!$H$66 -> 46215 | X1: S4 | Y1: Z4 | Z1: M4 | AA1: =ASISTENCIA!$I$66 -> 46222 | AB1: S5 | AC1: Z5 | AD1: M5 | AE1: =ASISTENCIA!$J$66 -> 46229 | AF1: S6 | AG1: Z6 | AH1: M6 | AI1: =ASISTENCIA!$K$66 -> 46236 | AJ1: S7 | AK1: Z7 | AL1: M7 | AM1: =ASISTENCIA!$L$66 -> 46243 | AN1: S8 | AO1: Z8 | AP1: M8 | AQ1: =ASISTENCIA!$M$66 -> 46250 | AR1: S9 | AS1: Z9 | AT1: M9 | AU1: =ASISTENCIA!$N$66 -> 46257 | AV1: T1 | AW1: E1 | BJ1: =IFERROR(__xludf.DUMMYFUNCTION("IMPORTRANGE($F$1,""Hoja1!B61:E62"")"),0.0) -> 0 | BK1: =IFERROR(__xludf.DUMMYFUNCTION("""COMPUTED_VALUE"""),0.0) -> 0 | BL1: =IFERROR(__xludf.DUMMYFUNCTION("""COMPUTED_VALUE"""),0.0) -> 0 | BM1: =IFERROR(__xludf.DUMMYFUNCTION("""COMPUTED_VALUE"""),1.0) -> 1 | BS1: OBSERVACIONES | BT1: Nombre Lider | BU1: Cell. Lider | BV1: Es oyente
B2: DATOS DE INSCRIPCION | L2: CLASE 1 | P2: CLASE 2 | T2: CLASE 3 | X2: CLASE 4 | AB2: CLASE 5 | AF2: CLASE 6 | AJ2: CLASE 7 | AN2: CLASE 8 | AR2: CLASE 9 | AV2: TRABAJO | AW2: EXAMEN | BJ2: =IFERROR(__xludf.DUMMYFUNCTION("""COMPUTED_VALUE"""),9.0) -> 9
B3: EQUIPO | C3: COTUTOR | D3: ORDEN | E3: Grupo | F3: Alumno | G3: DocId | H3: Celular | I3: Fecha Nac. | J3: Fecha Nac. | K3: Fecha Nac. | L3: A | M3: Z | N3: M | O3: D | P3: A | Q3: Z | R3: M | S3: D | T3: A | U3: Z | V3: M | W3: D | X3: A | Y3: Z | Z3: M | AA3: D | AB3: A | AC3: Z | AD3: M | AE3: D | AF3: A | AG3: Z | AH3: M | AI3: D | AJ3: A | AK3: Z | AL3: M | AM3: D | AN3: A | AO3: Z | AP3: M | AQ3: D | AR3: A | AS3: Z | AT3: M | AU3: D | AY3: A1 | AZ3: A2 | BA3: A3 | BB3: A4 | BC3: A5 | BD3: A6 | BE3: A7 | BF3: A8 | BG3: A9 | BH3: PROMEDIO | BI3: RANKING | BJ3: D1 | BK3: D2 | BL3: D3 | BM3: D4 | BN3: D5 | BO3: D6 | BP3: D7 | BQ3: D8 | BR3: D9 | BX3: =IFERROR(__xludf.DUMMYFUNCTION("IMPORTRANGE($F$1,""Hoja1!B120:C139"")"),"") | BY3: =IFERROR(__xludf.DUMMYFUNCTION("""COMPUTED_VALUE"""),"ASISTENCIA") -> ASISTENCIA
A4: 1 | B4: =IFERROR(__xludf.DUMMYFUNCTION("QUERY(IMPORTRANGE($F$1,""Hoja1!G3:Q""),""Select Col1,Col2,Col3,Col4,Col6,Col7,Col8,Col11 where Col1='""&B1&""' and Col2='""&C1&""' ORDER BY Col2 ASC"",0)"),"ANTIOQUIANOS") -> ANTIOQUIANOS | C4: =IFERROR(__xludf.DUMMYFUNCTION("""COMPUTED_VALUE"""),"AUDI ESTELA SAHUANAY HUISACAYNA") -> AUDI ESTELA SAHUANAY HUISACAYNA | D4: =IFERROR(__xludf.DUMMYFUNCTION("""COMPUTED_VALUE"""),"ESC.LID-0209") -> ESC.LID-0209 | E4: =IFERROR(__xludf.DUMMYFUNCTION("""COMPUTED_VALUE"""),"C1131") -> C1131 | F4: =IFERROR(__xludf.DUMMYFUNCTION("""COMPUTED_VALUE"""),"ALVA PATRÓN, ISAÍAS SAID") -> ALVA PATRÓN, ISAÍAS SAID | G4: =IFERROR(__xludf.DUMMYFUNCTION("""COMPUTED_VALUE"""),"72066954") -> 72066954 | H4: =IFERROR(__xludf.DUMMYFUNCTION("""COMPUTED_VALUE"""),"922118392") -> 922118392 | J4: =DEVO!F5 -> 39672 | K4: =IF(I4>0,I4,J4) -> 39672 | L4: =IF(TODAY()>=$O$1-6,SUM(OFFSET(ASISTENCIA!$E$1,MATCH($G4,ASISTENCIA!$E:$E,0)-1,MATCH(L$1,ASISTENCIA!$3:$3,0)-5,1,1)),"") -> 1 | M4: =OFFSET(ASISTENCIA!$E$1,MATCH($G4,ASISTENCIA!$E:$E,0)-1,MATCH(M$1,ASISTENCIA!$3:$3,0)-5,1,1) | N4: =OFFSET(ASISTENCIA!$E$1,MATCH($G4,ASISTENCIA!$E:$E,0)-1,MATCH(N$1,ASISTENCIA!$3:$3,0)-5,1,1) | O4: =IF(TODAY()>=$O$1-6,SUM(OFFSET(DEVO!$F$1,MATCH($G4,DEVO!$E:$E,0)-1,MATCH(L$1,DEVO!$1:$1,0)-6,1,7)),"") -> 1 | P4: =IF(TODAY()>=$S$1-6,SUM(OFFSET(ASISTENCIA!$E$1,MATCH($G4,ASISTENCIA!$E:$E,0)-1,MATCH(P$1,ASISTENCIA!$3:$3,0)-5,1,1)),"") -> 3 | Q4: =OFFSET(ASISTENCIA!$E$1,MATCH($G4,ASISTENCIA!$E:$E,0)-1,MATCH(Q$1,ASISTENCIA!$3:$3,0)-5,1,1) | R4: =OFFSET(ASISTENCIA!$E$1,MATCH($G4,ASISTENCIA!$E:$E,0)-1,MATCH(R$1,ASISTENCIA!$3:$3,0)-5,1,1) -> 1 | S4: =IF(TODAY()>=$S$1-6,SUM(OFFSET(DEVO!$F$1,MATCH($G4,DEVO!$E:$E,0)-1,MATCH(P$1,DEVO!$1:$1,0)-6,1,7)),"") -> 2 | T4: =IF(TODAY()>=$W$1-6,SUM(OFFSET(ASISTENCIA!$E$1,MATCH($G4,ASISTENCIA!$E:$E,0)-1,MATCH(T$1,ASISTENCIA!$3:$3,0)-5,1,1)),"") -> 2 | U4: =OFFSET(ASISTENCIA!$E$1,MATCH($G4,ASISTENCIA!$E:$E,0)-1,MATCH(U$1,ASISTENCIA!$3:$3,0)-5,1,1) | V4: =OFFSET(ASISTENCIA!$E$1,MATCH($G4,ASISTENCIA!$E:$E,0)-1,MATCH(V$1,ASISTENCIA!$3:$3,0)-5,1,1) | W4: =IF(TODAY()>=$W$1-6,SUM(OFFSET(DEVO!$F$1,MATCH($G4,DEVO!$E:$E,0)-1,MATCH(T$1,DEVO!$1:$1,0)-6,1,7)),"") -> 2 | X4: =IF(TODAY()>=$AA$1-6,SUM(OFFSET(ASISTENCIA!$E$1,MATCH($G4,ASISTENCIA!$E:$E,0)-1,MATCH(X$1,ASISTENCIA!$3:$3,0)-5,1,1)),"") -> 1 | Y4: =OFFSET(ASISTENCIA!$E$1,MATCH($G4,ASISTENCIA!$E:$E,0)-1,MATCH(Y$1,ASISTENCIA!$3:$3,0)-5,1,1) | Z4: =OFFSET(ASISTENCIA!$E$1,MATCH($G4,ASISTENCIA!$E:$E,0)-1,MATCH(Z$1,ASISTENCIA!$3:$3,0)-5,1,1) | AA4: =IF(TODAY()>=$AA$1-6,SUM(OFFSET(DEVO!$F$1,MATCH($G4,DEVO!$E:$E,0)-1,MATCH(X$1,DEVO!$1:$1,0)-6,1,7)),"") -> 2 | AB4: =IF(TODAY()>=$AE$1-6,SUM(OFFSET(ASISTENCIA!$E$1,MATCH($G4,ASISTENCIA!$E:$E,0)-1,MATCH(AB$1,ASISTENCIA!$3:$3,0)-5,1,1)),"") -> 0 | AC4: =OFFSET(ASISTENCIA!$E$1,MATCH($G4,ASISTENCIA!$E:$E,0)-1,MATCH(AC$1,ASISTENCIA!$3:$3,0)-5,1,1) | AD4: =OFFSET(ASISTENCIA!$E$1,MATCH($G4,ASISTENCIA!$E:$E,0)-1,MATCH(AD$1,ASISTENCIA!$3:$3,0)-5,1,1) -> 1 | AE4: =IF(TODAY()>=$AE$1-6,SUM(OFFSET(DEVO!$F$1,MATCH($G4,DEVO!$E:$E,0)-1,MATCH(AB$1,DEVO!$1:$1,0)-6,1,7)),"") -> 0 | AF4: =IF(TODAY()>=$AI$1-6,SUM(OFFSET(ASISTENCIA!$E$1,MATCH($G4,ASISTENCIA!$E:$E,0)-1,MATCH(AF$1,ASISTENCIA!$3:$3,0)-5,1,1)),"") -> 0 | AG4: =OFFSET(ASISTENCIA!$E$1,MATCH($G4,ASISTENCIA!$E:$E,0)-1,MATCH(AG$1,ASISTENCIA!$3:$3,0)-5,1,1) | AH4: =OFFSET(ASISTENCIA!$E$1,MATCH($G4,ASISTENCIA!$E:$E,0)-1,MATCH(AH$1,ASISTENCIA!$3:$3,0)-5,1,1) -> 1 | AI4: =IF(TODAY()>=$AI$1-6,SUM(OFFSET(DEVO!$F$1,MATCH($G4,DEVO!$E:$E,0)-1,MATCH(AF$1,DEVO!$1:$1,0)-6,1,7)),"") -> 0 | AJ4: =IF(TODAY()>=$AM$1-6,SUM(OFFSET(ASISTENCIA!$E$1,MATCH($G4,ASISTENCIA!$E:$E,0)-1,MATCH(AJ$1,ASISTENCIA!$3:$3,0)-5,1,1)),"") -> 0 | AK4: =OFFSET(ASISTENCIA!$E$1,MATCH($G4,ASISTENCIA!$E:$E,0)-1,MATCH(AK$1,ASISTENCIA!$3:$3,0)-5,1,1) | AL4: =OFFSET(ASISTENCIA!$E$1,MATCH($G4,ASISTENCIA!$E:$E,0)-1,MATCH(AL$1,ASISTENCIA!$3:$3,0)-5,1,1) -> 1 | AM4: =IF(TODAY()>=$AM$1-6,SUM(OFFSET(DEVO!$F$1,MATCH($G4,DEVO!$E:$E,0)-1,MATCH(AJ$1,DEVO!$1:$1,0)-6,1,7)),"") -> 1 | AN4: =IF(TODAY()>=$AQ$1-6,SUM(OFFSET(ASISTENCIA!$E$1,MATCH($G4,ASISTENCIA!$E:$E,0)-1,MATCH(AN$1,ASISTENCIA!$3:$3,0)-5,1,1)),"") -> 0 | AO4: =OFFSET(ASISTENCIA!$E$1,MATCH($G4,ASISTENCIA!$E:$E,0)-1,MATCH(AO$1,ASISTENCIA!$3:$3,0)-5,1,1) | AP4: =OFFSET(ASISTENCIA!$E$1,MATCH($G4,ASISTENCIA!$E:$E,0)-1,MATCH(AP$1,ASISTENCIA!$3:$3,0)-5,1,1) -> 1 | AQ4: =IF(TODAY()>=$AQ$1-6,SUM(OFFSET(DEVO!$F$1,MATCH($G4,DEVO!$E:$E,0)-1,MATCH(AN$1,DEVO!$1:$1,0)-6,1,7)),"") -> 0 | AR4: =IF(TODAY()>=$AU$1-6,SUM(OFFSET(ASISTENCIA!$E$1,MATCH($G4,ASISTENCIA!$E:$E,0)-1,MATCH(AR$1,ASISTENCIA!$3:$3,0)-5,1,1)),"") -> 0 | AS4: =OFFSET(ASISTENCIA!$E$1,MATCH($G4,ASISTENCIA!$E:$E,0)-1,MATCH(AS$1,ASISTENCIA!$3:$3,0)-5,1,1) | AT4: =OFFSET(ASISTENCIA!$E$1,MATCH($G4,ASISTENCIA!$E:$E,0)-1,MATCH(AT$1,ASISTENCIA!$3:$3,0)-5,1,1) | AU4: =IF(TODAY()>=$AU$1-6,SUM(OFFSET(DEVO!$F$1,MATCH($G4,DEVO!$E:$E,0)-1,MATCH(AR$1,DEVO!$1:$1,0)-6,1,7)),"") -> 0 | AV4: =OFFSET(ASISTENCIA!$E$1,MATCH($G4,ASISTENCIA!$E:$E,0)-1,MATCH(AV$1,ASISTENCIA!$3:$3,0)-5,1,1) | AW4: =OFFSET(ASISTENCIA!$E$1,MATCH($G4,ASISTENCIA!$E:$E,0)-1,MATCH(AW$1,ASISTENCIA!$3:$3,0)-5,1,1) | AY4: =IF(TODAY()>=$O$1-6,COUNTIF(L4,">"&0)," ") -> 1 | AZ4: =IF(TODAY()>=$S$1-6,COUNTIF(P4,">"&0)," ") -> 1 | BA4: =IF(TODAY()>=$W$1-6,COUNTIF(T4,">"&0)," ") -> 1 | BB4: =IF(TODAY()>=$AA$1-6,COUNTIF(X4,">"&0)," ") -> 1 | BC4: =IF(TODAY()>=$AE$1-6,COUNTIF(AB4,">"&0)," ") -> 0 | BD4: =IF(TODAY()>=$AI$1-6,COUNTIF(AF4,">"&0)," ") -> 0 | BE4: =IF(TODAY()>=$AM$1-6,COUNTIF(AJ4,">"&0)," ") -> 0 | BF4: =IF(TODAY()>=$AQ$1-6,COUNTIF(AN4,">"&0)," ") -> 0 | BG4: =IF(TODAY()>=$AU$1-6,COUNTIF(AR4,">"&0)," ") -> 0 | BH4: =IFERROR(SUM(AY4:BG4)/$BJ$2,0)*10 -> 4.4444444 | BI4: =VLOOKUP(BH4,$BX$4:$BY$11,2,1) -> OBSERVADOS | BJ4: =IF(TODAY()>=$O$1-6,VLOOKUP(10*SUMPRODUCT($BJ$1:$BM$1,L4:O4)/MIN((TODAY()-$O$1+7),7),$BX$15:$BY$22,2,1)," ") -> OBSERVADOS | BK4: =IF(TODAY()>=$S$1-6,VLOOKUP(10*SUMPRODUCT($BJ$1:$BM$1,P4:S4)/MIN((TODAY()-$S$1+7),7),$BX$15:$BY$22,2,1)," ") -> OBSERVADOS | BL4: =IF(TODAY()>=$W$1-6,VLOOKUP(10*SUMPRODUCT($BJ$1:$BM$1,T4:W4)/MIN((TODAY()-$W$1+7),7),$BX$15:$BY$22,2,1)," ") -> OBSERVADOS | BM4: =IF(TODAY()>=$AA$1-6,VLOOKUP(10*SUMPRODUCT($BJ$1:$BM$1,X4:AA4)/MIN((TODAY()-$AA$1+7),7),$BX$15:$BY$22,2,1)," ") -> OBSERVADOS | BN4: =IF(TODAY()>=$AE$1-6,VLOOKUP(10*SUMPRODUCT($BJ$1:$BM$1,AB4:AE4)/MIN((TODAY()-$AE$1+7),7),$BX$15:$BY$22,2,1)," ") -> OBSERVADOS | BO4: =IF(TODAY()>=$AI$1-6,VLOOKUP(10*SUMPRODUCT($BJ$1:$BM$1,AF4:AI4)/MIN((TODAY()-$AI$1+7),7),$BX$15:$BY$22,2,1)," ") -> OBSERVADOS | BP4: =IF(TODAY()>=$AM$1-6,VLOOKUP(10*SUMPRODUCT($BJ$1:$BM$1,AJ4:AM4)/MIN((TODAY()-$AM$1+7),7),$BX$15:$BY$22,2,1)," ") -> OBSERVADOS | BQ4: =IF(TODAY()>=$AQ$1-6,VLOOKUP(10*SUMPRODUCT($BJ$1:$BM$1,AN4:AQ4)/MIN((TODAY()-$AQ$1+7),7),$BX$15:$BY$22,2,1)," ") -> OBSERVADOS | BR4: =IF(TODAY()>=$AU$1-6,VLOOKUP(10*SUMPRODUCT($BJ$1:$BM$1,AR4:AU4)/MIN((TODAY()-$AU$1+7),7),$BX$15:$BY$22,2,1)," ") -> OBSERVADOS | BS4: =OFFSET(ASISTENCIA!$E$1,MATCH($G4,ASISTENCIA!$E:$E,0)-1,MATCH(BS$1,ASISTENCIA!$3:$3,0)-5,1,1) | BT4: =OFFSET(ASISTENCIA!$E$1,MATCH($G4,ASISTENCIA!$E:$E,0)-1,MATCH(BT$1,ASISTENCIA!$3:$3,0)-5,1,1) -> Daniel Campos | BU4: =OFFSET(ASISTENCIA!$E$1,MATCH($G4,ASISTENCIA!$E:$E,0)-1,MATCH(BU$1,ASISTENCIA!$3:$3,0)-5,1,1) -> 913550127 | BV4: =OFFSET(ASISTENCIA!$E$1,MATCH($G4,ASISTENCIA!$E:$E,0)-1,MATCH(BV$1,ASISTENCIA!$3:$3,0)-5,1,1) | BX4: =IFERROR(__xludf.DUMMYFUNCTION("""COMPUTED_VALUE"""),0.0) -> 0 | BY4: =IFERROR(__xludf.DUMMYFUNCTION("""COMPUTED_VALUE"""),"OBSERVADOS") -> OBSERVADOS
A5: =1+A4 -> 2 | B5: =IFERROR(__xludf.DUMMYFUNCTION("""COMPUTED_VALUE"""),"ANTIOQUIANOS") -> ANTIOQUIANOS | C5: =IFERROR(__xludf.DUMMYFUNCTION("""COMPUTED_VALUE"""),"AUDI ESTELA SAHUANAY HUISACAYNA") -> AUDI ESTELA SAHUANAY HUISACAYNA | D5: =IFERROR(__xludf.DUMMYFUNCTION("""COMPUTED_VALUE"""),"ESC.LID-0214") -> ESC.LID-0214 | E5: =IFERROR(__xludf.DUMMYFUNCTION("""COMPUTED_VALUE"""),"C1133") -> C1133 | F5: =IFERROR(__xludf.DUMMYFUNCTION("""COMPUTED_VALUE"""),"ARANDA HACHER, FELIPE MANUEL") -> ARANDA HACHER, FELIPE MANUEL | G5: =IFERROR(__xludf.DUMMYFUNCTION("""COMPUTED_VALUE"""),"42973857") -> 42973857 | H5: =IFERROR(__xludf.DUMMYFUNCTION("""COMPUTED_VALUE"""),"928606678") -> 928606678 | J5: =DEVO!F6 -> 31169 | K5: =IF(I5>0,I5,J5) -> 31169 | L5: =IF(TODAY()>=$O$1-6,SUM(OFFSET(ASISTENCIA!$E$1,MATCH($G5,ASISTENCIA!$E:$E,0)-1,MATCH(L$1,ASISTENCIA!$3:$3,0)-5,1,1)),"") -> 0 | M5: =OFFSET(ASISTENCIA!$E$1,MATCH($G5,ASISTENCIA!$E:$E,0)-1,MATCH(M$1,ASISTENCIA!$3:$3,0)-5,1,1) | N5: =OFFSET(ASISTENCIA!$E$1,MATCH($G5,ASISTENCIA!$E:$E,0)-1,MATCH(N$1,ASISTENCIA!$3:$3,0)-5,1,1) | O5: =IF(TODAY()>=$O$1-6,SUM(OFFSET(DEVO!$F$1,MATCH($G5,DEVO!$E:$E,0)-1,MATCH(L$1,DEVO!$1:$1,0)-6,1,7)),"") -> 0 | P5: =IF(TODAY()>=$S$1-6,SUM(OFFSET(ASISTENCIA!$E$1,MATCH($G5,ASISTENCIA!$E:$E,0)-1,MATCH(P$1,ASISTENCIA!$3:$3,0)-5,1,1)),"") -> 0 | Q5: =OFFSET(ASISTENCIA!$E$1,MATCH($G5,ASISTENCIA!$E:$E,0)-1,MATCH(Q$1,ASISTENCIA!$3:$3,0)-5,1,1) | R5: =OFFSET(ASISTENCIA!$E$1,MATCH($G5,ASISTENCIA!$E:$E,0)-1,MATCH(R$1,ASISTENCIA!$3:$3,0)-5,1,1) | S5: =IF(TODAY()>=$S$1-6,SUM(OFFSET(DEVO!$F$1,MATCH($G5,DEVO!$E:$E,0)-1,MATCH(P$1,DEVO!$1:$1,0)-6,1,7)),"") -> 0 | T5: =IF(TODAY()>=$W$1-6,SUM(OFFSET(ASISTENCIA!$E$1,MATCH($G5,ASISTENCIA!$E:$E,0)-1,MATCH(T$1,ASISTENCIA!$3:$3,0)-5,1,1)),"") -> 0 | U5: =OFFSET(ASISTENCIA!$E$1,MATCH($G5,ASISTENCIA!$E:$E,0)-1,MATCH(U$1,ASISTENCIA!$3:$3,0)-5,1,1) | V5: =OFFSET(ASISTENCIA!$E$1,MATCH($G5,ASISTENCIA!$E:$E,0)-1,MATCH(V$1,ASISTENCIA!$3:$3,0)-5,1,1) | W5: =IF(TODAY()>=$W$1-6,SUM(OFFSET(DEVO!$F$1,MATCH($G5,DEVO!$E:$E,0)-1,MATCH(T$1,DEVO!$1:$1,0)-6,1,7)),"") -> 0 | X5: =IF(TODAY()>=$AA$1-6,SUM(OFFSET(ASISTENCIA!$E$1,MATCH($G5,ASISTENCIA!$E:$E,0)-1,MATCH(X$1,ASISTENCIA!$3:$3,0)-5,1,1)),"") -> 0 | Y5: =OFFSET(ASISTENCIA!$E$1,MATCH($G5,ASISTENCIA!$E:$E,0)-1,MATCH(Y$1,ASISTENCIA!$3:$3,0)-5,1,1) | Z5: =OFFSET(ASISTENCIA!$E$1,MATCH($G5,ASISTENCIA!$E:$E,0)-1,MATCH(Z$1,ASISTENCIA!$3:$3,0)-5,1,1) | AA5: =IF(TODAY()>=$AA$1-6,SUM(OFFSET(DEVO!$F$1,MATCH($G5,DEVO!$E:$E,0)-1,MATCH(X$1,DEVO!$1:$1,0)-6,1,7)),"") -> 0 | AB5: =IF(TODAY()>=$AE$1-6,SUM(OFFSET(ASISTENCIA!$E$1,MATCH($G5,ASISTENCIA!$E:$E,0)-1,MATCH(AB$1,ASISTENCIA!$3:$3,0)-5,1,1)),"") -> 0 | AC5: =OFFSET(ASISTENCIA!$E$1,MATCH($G5,ASISTENCIA!$E:$E,0)-1,MATCH(AC$1,ASISTENCIA!$3:$3,0)-5,1,1) | AD5: =OFFSET(ASISTENCIA!$E$1,MATCH($G5,ASISTENCIA!$E:$E,0)-1,MATCH(AD$1,ASISTENCIA!$3:$3,0)-5,1,1) | AE5: =IF(TODAY()>=$AE$1-6,SUM(OFFSET(DEVO!$F$1,MATCH($G5,DEVO!$E:$E,0)-1,MATCH(AB$1,DEVO!$1:$1,0)-6,1,7)),"") -> 0 | AF5: =IF(TODAY()>=$AI$1-6,SUM(OFFSET(ASISTENCIA!$E$1,MATCH($G5,ASISTENCIA!$E:$E,0)-1,MATCH(AF$1,ASISTENCIA!$3:$3,0)-5,1,1)),"") -> 0 | AG5: =OFFSET(ASISTENCIA!$E$1,MATCH($G5,ASISTENCIA!$E:$E,0)-1,MATCH(AG$1,ASISTENCIA!$3:$3,0)-5,1,1) | AH5: =OFFSET(ASISTENCIA!$E$1,MATCH($G5,ASISTENCIA!$E:$E,0)-1,MATCH(AH$1,ASISTENCIA!$3:$3,0)-5,1,1) | AI5: =IF(TODAY()>=$AI$1-6,SUM(OFFSET(DEVO!$F$1,MATCH($G5,DEVO!$E:$E,0)-1,MATCH(AF$1,DEVO!$1:$1,0)-6,1,7)),"") -> 0 | AJ5: =IF(TODAY()>=$AM$1-6,SUM(OFFSET(ASISTENCIA!$E$1,MATCH($G5,ASISTENCIA!$E:$E,0)-1,MATCH(AJ$1,ASISTENCIA!$3:$3,0)-5,1,1)),"") -> 0 | AK5: =OFFSET(ASISTENCIA!$E$1,MATCH($G5,ASISTENCIA!$E:$E,0)-1,MATCH(AK$1,ASISTENCIA!$3:$3,0)-5,1,1) | AL5: =OFFSET(ASISTENCIA!$E$1,MATCH($G5,ASISTENCIA!$E:$E,0)-1,MATCH(AL$1,ASISTENCIA!$3:$3,0)-5,1,1) | AM5: =IF(TODAY()>=$AM$1-6,SUM(OFFSET(DEVO!$F$1,MATCH($G5,DEVO!$E:$E,0)-1,MATCH(AJ$1,DEVO!$1:$1,0)-6,1,7)),"") -> 0 | AN5: =IF(TODAY()>=$AQ$1-6,SUM(OFFSET(ASISTENCIA!$E$1,MATCH($G5,ASISTENCIA!$E:$E,0)-1,MATCH(AN$1,ASISTENCIA!$3:$3,0)-5,1,1)),"") -> 0 | AO5: =OFFSET(ASISTENCIA!$E$1,MATCH($G5,ASISTENCIA!$E:$E,0)-1,MATCH(AO$1,ASISTENCIA!$3:$3,0)-5,1,1) | AP5: =OFFSET(ASISTENCIA!$E$1,MATCH($G5,ASISTENCIA!$E:$E,0)-1,MATCH(AP$1,ASISTENCIA!$3:$3,0)-5,1,1) | AQ5: =IF(TODAY()>=$AQ$1-6,SUM(OFFSET(DEVO!$F$1,MATCH($G5,DEVO!$E:$E,0)-1,MATCH(AN$1,DEVO!$1:$1,0)-6,1,7)),"") -> 0 | AR5: =IF(TODAY()>=$AU$1-6,SUM(OFFSET(ASISTENCIA!$E$1,MATCH($G5,ASISTENCIA!$E:$E,0)-1,MATCH(AR$1,ASISTENCIA!$3:$3,0)-5,1,1)),"") -> 0 | AS5: =OFFSET(ASISTENCIA!$E$1,MATCH($G5,ASISTENCIA!$E:$E,0)-1,MATCH(AS$1,ASISTENCIA!$3:$3,0)-5,1,1) | AT5: =OFFSET(ASISTENCIA!$E$1,MATCH($G5,ASISTENCIA!$E:$E,0)-1,MATCH(AT$1,ASISTENCIA!$3:$3,0)-5,1,1) | AU5: =IF(TODAY()>=$AU$1-6,SUM(OFFSET(DEVO!$F$1,MATCH($G5,DEVO!$E:$E,0)-1,MATCH(AR$1,DEVO!$1:$1,0)-6,1,7)),"") -> 0 | AV5: =OFFSET(ASISTENCIA!$E$1,MATCH($G5,ASISTENCIA!$E:$E,0)-1,MATCH(AV$1,ASISTENCIA!$3:$3,0)-5,1,1) | AW5: =OFFSET(ASISTENCIA!$E$1,MATCH($G5,ASISTENCIA!$E:$E,0)-1,MATCH(AW$1,ASISTENCIA!$3:$3,0)-5,1,1) | AY5: =IF(TODAY()>=$O$1-6,COUNTIF(L5,">"&0)," ") -> 0 | AZ5: =IF(TODAY()>=$S$1-6,COUNTIF(P5,">"&0)," ") -> 0 | BA5: =IF(TODAY()>=$W$1-6,COUNTIF(T5,">"&0)," ") -> 0 | BB5: =IF(TODAY()>=$AA$1-6,COUNTIF(X5,">"&0)," ") -> 0 | BC5: =IF(TODAY()>=$AE$1-6,COUNTIF(AB5,">"&0)," ") -> 0 | BD5: =IF(TODAY()>=$AI$1-6,COUNTIF(AF5,">"&0)," ") -> 0 | BE5: =IF(TODAY()>=$AM$1-6,COUNTIF(AJ5,">"&0)," ") -> 0 | BF5: =IF(TODAY()>=$AQ$1-6,COUNTIF(AN5,">"&0)," ") -> 0 | BG5: =IF(TODAY()>=$AU$1-6,COUNTIF(AR5,">"&0)," ") -> 0 | BH5: =IFERROR(SUM(AY5:BG5)/$BJ$2,0)*10 -> 0 | BI5: =VLOOKUP(BH5,$BX$4:$BY$11,2,1) -> OBSERVADOS | BJ5: =IF(TODAY()>=$O$1-6,VLOOKUP(10*SUMPRODUCT($BJ$1:$BM$1,L5:O5)/MIN((TODAY()-$O$1+7),7),$BX$15:$BY$22,2,1)," ") -> OBSERVADOS | BK5: =IF(TODAY()>=$S$1-6,VLOOKUP(10*SUMPRODUCT($BJ$1:$BM$1,P5:S5)/MIN((TODAY()-$S$1+7),7),$BX$15:$BY$22,2,1)," ") -> OBSERVADOS | BL5: =IF(TODAY()>=$W$1-6,VLOOKUP(10*SUMPRODUCT($BJ$1:$BM$1,T5:W5)/MIN((TODAY()-$W$1+7),7),$BX$15:$BY$22,2,1)," ") -> OBSERVADOS | BM5: =IF(TODAY()>=$AA$1-6,VLOOKUP(10*SUMPRODUCT($BJ$1:$BM$1,X5:AA5)/MIN((TODAY()-$AA$1+7),7),$BX$15:$BY$22,2,1)," ") -> OBSERVADOS | BN5: =IF(TODAY()>=$AE$1-6,VLOOKUP(10*SUMPRODUCT($BJ$1:$BM$1,AB5:AE5)/MIN((TODAY()-$AE$1+7),7),$BX$15:$BY$22,2,1)," ") -> OBSERVADOS | BO5: =IF(TODAY()>=$AI$1-6,VLOOKUP(10*SUMPRODUCT($BJ$1:$BM$1,AF5:AI5)/MIN((TODAY()-$AI$1+7),7),$BX$15:$BY$22,2,1)," ") -> OBSERVADOS | BP5: =IF(TODAY()>=$AM$1-6,VLOOKUP(10*SUMPRODUCT($BJ$1:$BM$1,AJ5:AM5)/MIN((TODAY()-$AM$1+7),7),$BX$15:$BY$22,2,1)," ") -> OBSERVADOS | BQ5: =IF(TODAY()>=$AQ$1-6,VLOOKUP(10*SUMPRODUCT($BJ$1:$BM$1,AN5:AQ5)/MIN((TODAY()-$AQ$1+7),7),$BX$15:$BY$22,2,1)," ") -> OBSERVADOS | BR5: =IF(TODAY()>=$AU$1-6,VLOOKUP(10*SUMPRODUCT($BJ$1:$BM$1,AR5:AU5)/MIN((TODAY()-$AU$1+7),7),$BX$15:$BY$22,2,1)," ") -> OBSERVADOS | BS5: =OFFSET(ASISTENCIA!$E$1,MATCH($G5,ASISTENCIA!$E:$E,0)-1,MATCH(BS$1,ASISTENCIA!$3:$3,0)-5,1,1) -> No responde el alumno ni el lider | BT5: =OFFSET(ASISTENCIA!$E$1,MATCH($G5,ASISTENCIA!$E:$E,0)-1,MATCH(BT$1,ASISTENCIA!$3:$3,0)-5,1,1) -> William Bonifacio | BU5: =OFFSET(ASISTENCIA!$E$1,MATCH($G5,ASISTENCIA!$E:$E,0)-1,MATCH(BU$1,ASISTENCIA!$3:$3,0)-5,1,1) -> 981070518 | BV5: =OFFSET(ASISTENCIA!$E$1,MATCH($G5,ASISTENCIA!$E:$E,0)-1,MATCH(BV$1,ASISTENCIA!$3:$3,0)-5,1,1) | BX5: =IFERROR(__xludf.DUMMYFUNCTION("""COMPUTED_VALUE"""),6.111111111111112) -> 6.1111111 | BY5: =IFERROR(__xludf.DUMMYFUNCTION("""COMPUTED_VALUE"""),"OBSERVADOS") -> OBSERVADOS
A6: =1+A5 -> 3 | B6: =IFERROR(__xludf.DUMMYFUNCTION("""COMPUTED_VALUE"""),"ANTIOQUIANOS") -> ANTIOQUIANOS | C6: =IFERROR(__xludf.DUMMYFUNCTION("""COMPUTED_VALUE"""),"AUDI ESTELA SAHUANAY HUISACAYNA") -> AUDI ESTELA SAHUANAY HUISACAYNA | D6: =IFERROR(__xludf.DUMMYFUNCTION("""COMPUTED_VALUE"""),"ESC.LID-0221") -> ESC.LID-0221 | E6: =IFERROR(__xludf.DUMMYFUNCTION("""COMPUTED_VALUE"""),"C117") -> C117 | F6: =IFERROR(__xludf.DUMMYFUNCTION("""COMPUTED_VALUE"""),"CACERES VARGAS, WILBER ALFREDO") -> CACERES VARGAS, WILBER ALFREDO | G6: =IFERROR(__xludf.DUMMYFUNCTION("""COMPUTED_VALUE"""),"09481596") -> 09481596 | H6: =IFERROR(__xludf.DUMMYFUNCTION("""COMPUTED_VALUE"""),"962943845") -> 962943845 | J6: =DEVO!F7 -> 25381 | K6: =IF(I6>0,I6,J6) -> 25381 | L6: =IF(TODAY()>=$O$1-6,SUM(OFFSET(ASISTENCIA!$E$1,MATCH($G6,ASISTENCIA!$E:$E,0)-1,MATCH(L$1,ASISTENCIA!$3:$3,0)-5,1,1)),"") -> 0 | M6: =OFFSET(ASISTENCIA!$E$1,MATCH($G6,ASISTENCIA!$E:$E,0)-1,MATCH(M$1,ASISTENCIA!$3:$3,0)-5,1,1) | N6: =OFFSET(ASISTENCIA!$E$1,MATCH($G6,ASISTENCIA!$E:$E,0)-1,MATCH(N$1,ASISTENCIA!$3:$3,0)-5,1,1) | O6: =IF(TODAY()>=$O$1-6,SUM(OFFSET(DEVO!$F$1,MATCH($G6,DEVO!$E:$E,0)-1,MATCH(L$1,DEVO!$1:$1,0)-6,1,7)),"") -> 0 | P6: =IF(TODAY()>=$S$1-6,SUM(OFFSET(ASISTENCIA!$E$1,MATCH($G6,ASISTENCIA!$E:$E,0)-1,MATCH(P$1,ASISTENCIA!$3:$3,0)-5,1,1)),"") -> 0 | Q6: =OFFSET(ASISTENCIA!$E$1,MATCH($G6,ASISTENCIA!$E:$E,0)-1,MATCH(Q$1,ASISTENCIA!$3:$3,0)-5,1,1) | R6: =OFFSET(ASISTENCIA!$E$1,MATCH($G6,ASISTENCIA!$E:$E,0)-1,MATCH(R$1,ASISTENCIA!$3:$3,0)-5,1,1) | S6: =IF(TODAY()>=$S$1-6,SUM(OFFSET(DEVO!$F$1,MATCH($G6,DEVO!$E:$E,0)-1,MATCH(P$1,DEVO!$1:$1,0)-6,1,7)),"") -> 0 | T6: =IF(TODAY()>=$W$1-6,SUM(OFFSET(ASISTENCIA!$E$1,MATCH($G6,ASISTENCIA!$E:$E,0)-1,MATCH(T$1,ASISTENCIA!$3:$3,0)-5,1,1)),"") -> 0 | U6: =OFFSET(ASISTENCIA!$E$1,MATCH($G6,ASISTENCIA!$E:$E,0)-1,MATCH(U$1,ASISTENCIA!$3:$3,0)-5,1,1) | V6: =OFFSET(ASISTENCIA!$E$1,MATCH($G6,ASISTENCIA!$E:$E,0)-1,MATCH(V$1,ASISTENCIA!$3:$3,0)-5,1,1) | W6: =IF(TODAY()>=$W$1-6,SUM(OFFSET(DEVO!$F$1,MATCH($G6,DEVO!$E:$E,0)-1,MATCH(T$1,DEVO!$1:$1,0)-6,1,7)),"") -> 0 | X6: =IF(TODAY()>=$AA$1-6,SUM(OFFSET(ASISTENCIA!$E$1,MATCH($G6,ASISTENCIA!$E:$E,0)-1,MATCH(X$1,ASISTENCIA!$3:$3,0)-5,1,1)),"") -> 0 | Y6: =OFFSET(ASISTENCIA!$E$1,MATCH($G6,ASISTENCIA!$E:$E,0)-1,MATCH(Y$1,ASISTENCIA!$3:$3,0)-5,1,1) | Z6: =OFFSET(ASISTENCIA!$E$1,MATCH($G6,ASISTENCIA!$E:$E,0)-1,MATCH(Z$1,ASISTENCIA!$3:$3,0)-5,1,1) | AA6: =IF(TODAY()>=$AA$1-6,SUM(OFFSET(DEVO!$F$1,MATCH($G6,DEVO!$E:$E,0)-1,MATCH(X$1,DEVO!$1:$1,0)-6,1,7)),"") -> 0 | AB6: =IF(TODAY()>=$AE$1-6,SUM(OFFSET(ASISTENCIA!$E$1,MATCH($G6,ASISTENCIA!$E:$E,0)-1,MATCH(AB$1,ASISTENCIA!$3:$3,0)-5,1,1)),"") -> 0 | AC6: =OFFSET(ASISTENCIA!$E$1,MATCH($G6,ASISTENCIA!$E:$E,0)-1,MATCH(AC$1,ASISTENCIA!$3:$3,0)-5,1,1) | AD6: =OFFSET(ASISTENCIA!$E$1,MATCH($G6,ASISTENCIA!$E:$E,0)-1,MATCH(AD$1,ASISTENCIA!$3:$3,0)-5,1,1) | AE6: =IF(TODAY()>=$AE$1-6,SUM(OFFSET(DEVO!$F$1,MATCH($G6,DEVO!$E:$E,0)-1,MATCH(AB$1,DEVO!$1:$1,0)-6,1,7)),"") -> 0 | AF6: =IF(TODAY()>=$AI$1-6,SUM(OFFSET(ASISTENCIA!$E$1,MATCH($G6,ASISTENCIA!$E:$E,0)-1,MATCH(AF$1,ASISTENCIA!$3:$3,0)-5,1,1)),"") -> 0 | AG6: =OFFSET(ASISTENCIA!$E$1,MATCH($G6,ASISTENCIA!$E:$E,0)-1,MATCH(AG$1,ASISTENCIA!$3:$3,0)-5,1,1) | AH6: =OFFSET(ASISTENCIA!$E$1,MATCH($G6,ASISTENCIA!$E:$E,0)-1,MATCH(AH$1,ASISTENCIA!$3:$3,0)-5,1,1) | AI6: =IF(TODAY()>=$AI$1-6,SUM(OFFSET(DEVO!$F$1,MATCH($G6,DEVO!$E:$E,0)-1,MATCH(AF$1,DEVO!$1:$1,0)-6,1,7)),"") -> 0 | AJ6: =IF(TODAY()>=$AM$1-6,SUM(OFFSET(ASISTENCIA!$E$1,MATCH($G6,ASISTENCIA!$E:$E,0)-1,MATCH(AJ$1,ASISTENCIA!$3:$3,0)-5,1,1)),"") -> 0 | AK6: =OFFSET(ASISTENCIA!$E$1,MATCH($G6,ASISTENCIA!$E:$E,0)-1,MATCH(AK$1,ASISTENCIA!$3:$3,0)-5,1,1) | AL6: =OFFSET(ASISTENCIA!$E$1,MATCH($G6,ASISTENCIA!$E:$E,0)-1,MATCH(AL$1,ASISTENCIA!$3:$3,0)-5,1,1) | AM6: =IF(TODAY()>=$AM$1-6,SUM(OFFSET(DEVO!$F$1,MATCH($G6,DEVO!$E:$E,0)-1,MATCH(AJ$1,DEVO!$1:$1,0)-6,1,7)),"") -> 0 | AN6: =IF(TODAY()>=$AQ$1-6,SUM(OFFSET(ASISTENCIA!$E$1,MATCH($G6,ASISTENCIA!$E:$E,0)-1,MATCH(AN$1,ASISTENCIA!$3:$3,0)-5,1,1)),"") -> 0 | AO6: =OFFSET(ASISTENCIA!$E$1,MATCH($G6,ASISTENCIA!$E:$E,0)-1,MATCH(AO$1,ASISTENCIA!$3:$3,0)-5,1,1) | AP6: =OFFSET(ASISTENCIA!$E$1,MATCH($G6,ASISTENCIA!$E:$E,0)-1,MATCH(AP$1,ASISTENCIA!$3:$3,0)-5,1,1) | AQ6: =IF(TODAY()>=$AQ$1-6,SUM(OFFSET(DEVO!$F$1,MATCH($G6,DEVO!$E:$E,0)-1,MATCH(AN$1,DEVO!$1:$1,0)-6,1,7)),"") -> 0 | AR6: =IF(TODAY()>=$AU$1-6,SUM(OFFSET(ASISTENCIA!$E$1,MATCH($G6,ASISTENCIA!$E:$E,0)-1,MATCH(AR$1,ASISTENCIA!$3:$3,0)-5,1,1)),"") -> 0 | AS6: =OFFSET(ASISTENCIA!$E$1,MATCH($G6,ASISTENCIA!$E:$E,0)-1,MATCH(AS$1,ASISTENCIA!$3:$3,0)-5,1,1) | AT6: =OFFSET(ASISTENCIA!$E$1,MATCH($G6,ASISTENCIA!$E:$E,0)-1,MATCH(AT$1,ASISTENCIA!$3:$3,0)-5,1,1) | AU6: =IF(TODAY()>=$AU$1-6,SUM(OFFSET(DEVO!$F$1,MATCH($G6,DEVO!$E:$E,0)-1,MATCH(AR$1,DEVO!$1:$1,0)-6,1,7)),"") -> 0 | AV6: =OFFSET(ASISTENCIA!$E$1,MATCH($G6,ASISTENCIA!$E:$E,0)-1,MATCH(AV$1,ASISTENCIA!$3:$3,0)-5,1,1) | AW6: =OFFSET(ASISTENCIA!$E$1,MATCH($G6,ASISTENCIA!$E:$E,0)-1,MATCH(AW$1,ASISTENCIA!$3:$3,0)-5,1,1) | AY6: =IF(TODAY()>=$O$1-6,COUNTIF(L6,">"&0)," ") -> 0 | AZ6: =IF(TODAY()>=$S$1-6,COUNTIF(P6,">"&0)," ") -> 0 | BA6: =IF(TODAY()>=$W$1-6,COUNTIF(T6,">"&0)," ") -> 0 | BB6: =IF(TODAY()>=$AA$1-6,COUNTIF(X6,">"&0)," ") -> 0 | BC6: =IF(TODAY()>=$AE$1-6,COUNTIF(AB6,">"&0)," ") -> 0 | BD6: =IF(TODAY()>=$AI$1-6,COUNTIF(AF6,">"&0)," ") -> 0 | BE6: =IF(TODAY()>=$AM$1-6,COUNTIF(AJ6,">"&0)," ") -> 0 | BF6: =IF(TODAY()>=$AQ$1-6,COUNTIF(AN6,">"&0)," ") -> 0 | BG6: =IF(TODAY()>=$AU$1-6,COUNTIF(AR6,">"&0)," ") -> 0 | BH6: =IFERROR(SUM(AY6:BG6)/$BJ$2,0)*10 -> 0 | BI6: =VLOOKUP(BH6,$BX$4:$BY$11,2,1) -> OBSERVADOS | BJ6: =IF(TODAY()>=$O$1-6,VLOOKUP(10*SUMPRODUCT($BJ$1:$BM$1,L6:O6)/MIN((TODAY()-$O$1+7),7),$BX$15:$BY$22,2,1)," ") -> OBSERVADOS | BK6: =IF(TODAY()>=$S$1-6,VLOOKUP(10*SUMPRODUCT($BJ$1:$BM$1,P6:S6)/MIN((TODAY()-$S$1+7),7),$BX$15:$BY$22,2,1)," ") -> OBSERVADOS | BL6: =IF(TODAY()>=$W$1-6,VLOOKUP(10*SUMPRODUCT($BJ$1:$BM$1,T6:W6)/MIN((TODAY()-$W$1+7),7),$BX$15:$BY$22,2,1)," ") -> OBSERVADOS | BM6: =IF(TODAY()>=$AA$1-6,VLOOKUP(10*SUMPRODUCT($BJ$1:$BM$1,X6:AA6)/MIN((TODAY()-$AA$1+7),7),$BX$15:$BY$22,2,1)," ") -> OBSERVADOS | BN6: =IF(TODAY()>=$AE$1-6,VLOOKUP(10*SUMPRODUCT($BJ$1:$BM$1,AB6:AE6)/MIN((TODAY()-$AE$1+7),7),$BX$15:$BY$22,2,1)," ") -> OBSERVADOS | BO6: =IF(TODAY()>=$AI$1-6,VLOOKUP(10*SUMPRODUCT($BJ$1:$BM$1,AF6:AI6)/MIN((TODAY()-$AI$1+7),7),$BX$15:$BY$22,2,1)," ") -> OBSERVADOS | BP6: =IF(TODAY()>=$AM$1-6,VLOOKUP(10*SUMPRODUCT($BJ$1:$BM$1,AJ6:AM6)/MIN((TODAY()-$AM$1+7),7),$BX$15:$BY$22,2,1)," ") -> OBSERVADOS | BQ6: =IF(TODAY()>=$AQ$1-6,VLOOKUP(10*SUMPRODUCT($BJ$1:$BM$1,AN6:AQ6)/MIN((TODAY()-$AQ$1+7),7),$BX$15:$BY$22,2,1)," ") -> OBSERVADOS | BR6: =IF(TODAY()>=$AU$1-6,VLOOKUP(10*SUMPRODUCT($BJ$1:$BM$1,AR6:AU6)/MIN((TODAY()-$AU$1+7),7),$BX$15:$BY$22,2,1)," ") -> OBSERVADOS | BS6: =OFFSET(ASISTENCIA!$E$1,MATCH($G6,ASISTENCIA!$E:$E,0)-1,MATCH(BS$1,ASISTENCIA!$3:$3,0)-5,1,1) -> Se converso con su lider , dijo que el alumno está apoyando a su esposa enferma | BT6: =OFFSET(ASISTENCIA!$E$1,MATCH($G6,ASISTENCIA!$E:$E,0)-1,MATCH(BT$1,ASISTENCIA!$3:$3,0)-5,1,1) -> Edwin Montano | BU6: =OFFSET(ASISTENCIA!$E$1,MATCH($G6,ASISTENCIA!$E:$E,0)-1,MATCH(BU$1,ASISTENCIA!$3:$3,0)-5,1,1) -> 989039557 | BV6: =OFFSET(ASISTENCIA!$E$1,MATCH($G6,ASISTENCIA!$E:$E,0)-1,MATCH(BV$1,ASISTENCIA!$3:$3,0)-5,1,1) | BX6: =IFERROR(__xludf.DUMMYFUNCTION("""COMPUTED_VALUE"""),6.121111111111111) -> 6.1211111 | BY6: =IFERROR(__xludf.DUMMYFUNCTION("""COMPUTED_VALUE"""),"REGULARES") -> REGULARES
A7: =1+A6 -> 4 | B7: =IFERROR(__xludf.DUMMYFUNCTION("""COMPUTED_VALUE"""),"ANTIOQUIANOS") -> ANTIOQUIANOS | C7: =IFERROR(__xludf.DUMMYFUNCTION("""COMPUTED_VALUE"""),"AUDI ESTELA SAHUANAY HUISACAYNA") -> AUDI ESTELA SAHUANAY HUISACAYNA | D7: =IFERROR(__xludf.DUMMYFUNCTION("""COMPUTED_VALUE"""),"ESC.LID-0227") -> ESC.LID-0227 | E7: =IFERROR(__xludf.DUMMYFUNCTION("""COMPUTED_VALUE"""),"C213F") -> C213F | F7: =IFERROR(__xludf.DUMMYFUNCTION("""COMPUTED_VALUE"""),"COMENTERO CARREÑO, MAYLY") -> COMENTERO CARREÑO, MAYLY | G7: =IFERROR(__xludf.DUMMYFUNCTION("""COMPUTED_VALUE"""),"76057551") -> 76057551 | H7: =IFERROR(__xludf.DUMMYFUNCTION("""COMPUTED_VALUE"""),"903410536") -> 903410536 | J7: =DEVO!F8 -> 38334 | K7: =IF(I7>0,I7,J7) -> 38334 | L7: =IF(TODAY()>=$O$1-6,SUM(OFFSET(ASISTENCIA!$E$1,MATCH($G7,ASISTENCIA!$E:$E,0)-1,MATCH(L$1,ASISTENCIA!$3:$3,0)-5,1,1)),"") -> 1 | M7: =OFFSET(ASISTENCIA!$E$1,MATCH($G7,ASISTENCIA!$E:$E,0)-1,MATCH(M$1,ASISTENCIA!$3:$3,0)-5,1,1) | N7: =OFFSET(ASISTENCIA!$E$1,MATCH($G7,ASISTENCIA!$E:$E,0)-1,MATCH(N$1,ASISTENCIA!$3:$3,0)-5,1,1) | O7: =IF(TODAY()>=$O$1-6,SUM(OFFSET(DEVO!$F$1,MATCH($G7,DEVO!$E:$E,0)-1,MATCH(L$1,DEVO!$1:$1,0)-6,1,7)),"") -> 0 | P7: =IF(TODAY()>=$S$1-6,SUM(OFFSET(ASISTENCIA!$E$1,MATCH($G7,ASISTENCIA!$E:$E,0)-1,MATCH(P$1,ASISTENCIA!$3:$3,0)-5,1,1)),"") -> 4 | Q7: =OFFSET(ASISTENCIA!$E$1,MATCH($G7,ASISTENCIA!$E:$E,0)-1,MATCH(Q$1,ASISTENCIA!$3:$3,0)-5,1,1) | R7: =OFFSET(ASISTENCIA!$E$1,MATCH($G7,ASISTENCIA!$E:$E,0)-1,MATCH(R$1,ASISTENCIA!$3:$3,0)-5,1,1) -> 1 | S7: =IF(TODAY()>=$S$1-6,SUM(OFFSET(DEVO!$F$1,MATCH($G7,DEVO!$E:$E,0)-1,MATCH(P$1,DEVO!$1:$1,0)-6,1,7)),"") -> 0 | T7: =IF(TODAY()>=$W$1-6,SUM(OFFSET(ASISTENCIA!$E$1,MATCH($G7,ASISTENCIA!$E:$E,0)-1,MATCH(T$1,ASISTENCIA!$3:$3,0)-5,1,1)),"") -> 3 | U7: =OFFSET(ASISTENCIA!$E$1,MATCH($G7,ASISTENCIA!$E:$E,0)-1,MATCH(U$1,ASISTENCIA!$3:$3,0)-5,1,1) | V7: =OFFSET(ASISTENCIA!$E$1,MATCH($G7,ASISTENCIA!$E:$E,0)-1,MATCH(V$1,ASISTENCIA!$3:$3,0)-5,1,1) | W7: =IF(TODAY()>=$W$1-6,SUM(OFFSET(DEVO!$F$1,MATCH($G7,DEVO!$E:$E,0)-1,MATCH(T$1,DEVO!$1:$1,0)-6,1,7)),"") -> 0 | X7: =IF(TODAY()>=$AA$1-6,SUM(OFFSET(ASISTENCIA!$E$1,MATCH($G7,ASISTENCIA!$E:$E,0)-1,MATCH(X$1,ASISTENCIA!$3:$3,0)-5,1,1)),"") -> 1 | Y7: =OFFSET(ASISTENCIA!$E$1,MATCH($G7,ASISTENCIA!$E:$E,0)-1,MATCH(Y$1,ASISTENCIA!$3:$3,0)-5,1,1) | Z7: =OFFSET(ASISTENCIA!$E$1,MATCH($G7,ASISTENCIA!$E:$E,0)-1,MATCH(Z$1,ASISTENCIA!$3:$3,0)-5,1,1) -> 1 | AA7: =IF(TODAY()>=$AA$1-6,SUM(OFFSET(DEVO!$F$1,MATCH($G7,DEVO!$E:$E,0)-1,MATCH(X$1,DEVO!$1:$1,0)-6,1,7)),"") -> 0 | AB7: =IF(TODAY()>=$AE$1-6,SUM(OFFSET(ASISTENCIA!$E$1,MATCH($G7,ASISTENCIA!$E:$E,0)-1,MATCH(AB$1,ASISTENCIA!$3:$3,0)-5,1,1)),"") -> 3 | AC7: =OFFSET(ASISTENCIA!$E$1,MATCH($G7,ASISTENCIA!$E:$E,0)-1,MATCH(AC$1,ASISTENCIA!$3:$3,0)-5,1,1) | AD7: =OFFSET(ASISTENCIA!$E$1,MATCH($G7,ASISTENCIA!$E:$E,0)-1,MATCH(AD$1,ASISTENCIA!$3:$3,0)-5,1,1) -> 1 | AE7: =IF(TODAY()>=$AE$1-6,SUM(OFFSET(DEVO!$F$1,MATCH($G7,DEVO!$E:$E,0)-1,MATCH(AB$1,DEVO!$1:$1,0)-6,1,7)),"") -> 0 | AF7: =IF(TODAY()>=$AI$1-6,SUM(OFFSET(ASISTENCIA!$E$1,MATCH($G7,ASISTENCIA!$E:$E,0)-1,MATCH(AF$1,ASISTENCIA!$3:$3,0)-5,1,1)),"") -> 1 | AG7: =OFFSET(ASISTENCIA!$E$1,MATCH($G7,ASISTENCIA!$E:$E,0)-1,MATCH(AG$1,ASISTENCIA!$3:$3,0)-5,1,1) | AH7: =OFFSET(ASISTENCIA!$E$1,MATCH($G7,ASISTENCIA!$E:$E,0)-1,MATCH(AH$1,ASISTENCIA!$3:$3,0)-5,1,1) -> 1 | AI7: =IF(TODAY()>=$AI$1-6,SUM(OFFSET(DEVO!$F$1,MATCH($G7,DEVO!$E:$E,0)-1,MATCH(AF$1,DEVO!$1:$1,0)-6,1,7)),"") -> 0 | AJ7: =IF(TODAY()>=$AM$1-6,SUM(OFFSET(ASISTENCIA!$E$1,MATCH($G7,ASISTENCIA!$E:$E,0)-1,MATCH(AJ$1,ASISTENCIA!$3:$3,0)-5,1,1)),"") -> 1 | AK7: =OFFSET(ASISTENCIA!$E$1,MATCH($G7,ASISTENCIA!$E:$E,0)-1,MATCH(AK$1,ASISTENCIA!$3:$3,0)-5,1,1) | AL7: =OFFSET(ASISTENCIA!$E$1,MATCH($G7,ASISTENCIA!$E:$E,0)-1,MATCH(AL$1,ASISTENCIA!$3:$3,0)-5,1,1) -> 1 | AM7: =IF(TODAY()>=$AM$1-6,SUM(OFFSET(DEVO!$F$1,MATCH($G7,DEVO!$E:$E,0)-1,MATCH(AJ$1,DEVO!$1:$1,0)-6,1,7)),"") -> 0 | AN7: =IF(TODAY()>=$AQ$1-6,SUM(OFFSET(ASISTENCIA!$E$1,MATCH($G7,ASISTENCIA!$E:$E,0)-1,MATCH(AN$1,ASISTENCIA!$3:$3,0)-5,1,1)),"") -> 2 | AO7: =OFFSET(ASISTENCIA!$E$1,MATCH($G7,ASISTENCIA!$E:$E,0)-1,MATCH(AO$1,ASISTENCIA!$3:$3,0)-5,1,1) | AP7: =OFFSET(ASISTENCIA!$E$1,MATCH($G7,ASISTENCIA!$E:$E,0)-1,MATCH(AP$1,ASISTENCIA!$3:$3,0)-5,1,1) -> 1 | AQ7: =IF(TODAY()>=$AQ$1-6,SUM(OFFSET(DEVO!$F$1,MATCH($G7,DEVO!$E:$E,0)-1,MATCH(AN$1,DEVO!$1:$1,0)-6,1,7)),"") -> 0 | AR7: =IF(TODAY()>=$AU$1-6,SUM(OFFSET(ASISTENCIA!$E$1,MATCH($G7,ASISTENCIA!$E:$E,0)-1,MATCH(AR$1,ASISTENCIA!$3:$3,0)-5,1,1)),"") -> 2 | AS7: =OFFSET(ASISTENCIA!$E$1,MATCH($G7,ASISTENCIA!$E:$E,0)-1,MATCH(AS$1,ASISTENCIA!$3:$3,0)-5,1,1) | AT7: =OFFSET(ASISTENCIA!$E$1,MATCH($G7,ASISTENCIA!$E:$E,0)-1,MATCH(AT$1,ASISTENCIA!$3:$3,0)-5,1,1) -> 1 | AU7: =IF(TODAY()>=$AU$1-6,SUM(OFFSET(DEVO!$F$1,MATCH($G7,DEVO!$E:$E,0)-1,MATCH(AR$1,DEVO!$1:$1,0)-6,1,7)),"") -> 0 | AV7: =OFFSET(ASISTENCIA!$E$1,MATCH($G7,ASISTENCIA!$E:$E,0)-1,MATCH(AV$1,ASISTENCIA!$3:$3,0)-5,1,1) -> 0 | AW7: =OFFSET(ASISTENCIA!$E$1,MATCH($G7,ASISTENCIA!$E:$E,0)-1,MATCH(AW$1,ASISTENCIA!$3:$3,0)-5,1,1) -> 20 | AY7: =IF(TODAY()>=$O$1-6,COUNTIF(L7,">"&0)," ") -> 1 | AZ7: =IF(TODAY()>=$S$1-6,COUNTIF(P7,">"&0)," ") -> 1 | BA7: =IF(TODAY()>=$W$1-6,COUNTIF(T7,">"&0)," ") -> 1 | BB7: =IF(TODAY()>=$AA$1-6,COUNTIF(X7,">"&0)," ") -> 1 | BC7: =IF(TODAY()>=$AE$1-6,COUNTIF(AB7,">"&0)," ") -> 1 | BD7: =IF(TODAY()>=$AI$1-6,COUNTIF(AF7,">"&0)," ") -> 1 | BE7: =IF(TODAY()>=$AM$1-6,COUNTIF(AJ7,">"&0)," ") -> 1 | BF7: =IF(TODAY()>=$AQ$1-6,COUNTIF(AN7,">"&0)," ") -> 1 | BG7: =IF(TODAY()>=$AU$1-6,COUNTIF(AR7,">"&0)," ") -> 1 | BH7: =IFERROR(SUM(AY7:BG7)/$BJ$2,0)*10 -> 10 | BI7: =VLOOKUP(BH7,$BX$4:$BY$11,2,1) -> EXCELENTES | BJ7: =IF(TODAY()>=$O$1-6,VLOOKUP(10*SUMPRODUCT($BJ$1:$BM$1,L7:O7)/MIN((TODAY()-$O$1+7),7),$BX$15:$BY$22,2,1)," ") -> OBSERVADOS | BK7: =IF(TODAY()>=$S$1-6,VLOOKUP(10*SUMPRODUCT($BJ$1:$BM$1,P7:S7)/MIN((TODAY()-$S$1+7),7),$BX$15:$BY$22,2,1)," ") -> OBSERVADOS | BL7: =IF(TODAY()>=$W$1-6,VLOOKUP(10*SUMPRODUCT($BJ$1:$BM$1,T7:W7)/MIN((TODAY()-$W$1+7),7),$BX$15:$BY$22,2,1)," ") -> OBSERVADOS | BM7: =IF(TODAY()>=$AA$1-6,VLOOKUP(10*SUMPRODUCT($BJ$1:$BM$1,X7:AA7)/MIN((TODAY()-$AA$1+7),7),$BX$15:$BY$22,2,1)," ") -> OBSERVADOS | BN7: =IF(TODAY()>=$AE$1-6,VLOOKUP(10*SUMPRODUCT($BJ$1:$BM$1,AB7:AE7)/MIN((TODAY()-$AE$1+7),7),$BX$15:$BY$22,2,1)," ") -> OBSERVADOS | BO7: =IF(TODAY()>=$AI$1-6,VLOOKUP(10*SUMPRODUCT($BJ$1:$BM$1,AF7:AI7)/MIN((TODAY()-$AI$1+7),7),$BX$15:$BY$22,2,1)," ") -> OBSERVADOS | BP7: =IF(TODAY()>=$AM$1-6,VLOOKUP(10*SUMPRODUCT($BJ$1:$BM$1,AJ7:AM7)/MIN((TODAY()-$AM$1+7),7),$BX$15:$BY$22,2,1)," ") -> OBSERVADOS | BQ7: =IF(TODAY()>=$AQ$1-6,VLOOKUP(10*SUMPRODUCT($BJ$1:$BM$1,AN7:AQ7)/MIN((TODAY()-$AQ$1+7),7),$BX$15:$BY$22,2,1)," ") -> OBSERVADOS | BR7: =IF(TODAY()>=$AU$1-6,VLOOKUP(10*SUMPRODUCT($BJ$1:$BM$1,AR7:AU7)/MIN((TODAY()-$AU$1+7),7),$BX$15:$BY$22,2,1)," ") -> OBSERVADOS | BS7: =OFFSET(ASISTENCIA!$E$1,MATCH($G7,ASISTENCIA!$E:$E,0)-1,MATCH(BS$1,ASISTENCIA!$3:$3,0)-5,1,1) -> El trabajo no es del libro, ni un libro cristiano, ni una apreciación de clase. | BT7: =OFFSET(ASISTENCIA!$E$1,MATCH($G7,ASISTENCIA!$E:$E,0)-1,MATCH(BT$1,ASISTENCIA!$3:$3,0)-5,1,1) -> Miriam | BU7: =OFFSET(ASISTENCIA!$E$1,MATCH($G7,ASISTENCIA!$E:$E,0)-1,MATCH(BU$1,ASISTENCIA!$3:$3,0)-5,1,1) -> 976312280 | BV7: =OFFSET(ASISTENCIA!$E$1,MATCH($G7,ASISTENCIA!$E:$E,0)-1,MATCH(BV$1,ASISTENCIA!$3:$3,0)-5,1,1) | BX7: =IFERROR(__xludf.DUMMYFUNCTION("""COMPUTED_VALUE"""),8.333333333333334) -> 8.3333333 | BY7: =IFERROR(__xludf.DUMMYFUNCTION("""COMPUTED_VALUE"""),"REGULARES") -> REGULARES
A8: =1+A7 -> 5 | B8: =IFERROR(__xludf.DUMMYFUNCTION("""COMPUTED_VALUE"""),"ANTIOQUIANOS") -> ANTIOQUIANOS | C8: =IFERROR(__xludf.DUMMYFUNCTION("""COMPUTED_VALUE"""),"AUDI ESTELA SAHUANAY HUISACAYNA") -> AUDI ESTELA SAHUANAY HUISACAYNA | D8: =IFERROR(__xludf.DUMMYFUNCTION("""COMPUTED_VALUE"""),"ESC.LID-0233") -> ESC.LID-0233 | E8: =IFERROR(__xludf.DUMMYFUNCTION("""COMPUTED_VALUE"""),"C1133") -> C1133 | F8: =IFERROR(__xludf.DUMMYFUNCTION("""COMPUTED_VALUE"""),"ECHEVARRIA LINARES, EDISON EDWARD’S") -> ECHEVARRIA LINARES, EDISON EDWARD’S | G8: =IFERROR(__xludf.DUMMYFUNCTION("""COMPUTED_VALUE"""),"73683815") -> 73683815 | H8: =IFERROR(__xludf.DUMMYFUNCTION("""COMPUTED_VALUE"""),"907512087") -> 907512087 | J8: =DEVO!F9 -> 34217 | K8: =IF(I8>0,I8,J8) -> 34217 | L8: =IF(TODAY()>=$O$1-6,SUM(OFFSET(ASISTENCIA!$E$1,MATCH($G8,ASISTENCIA!$E:$E,0)-1,MATCH(L$1,ASISTENCIA!$3:$3,0)-5,1,1)),"") -> 1 | M8: =OFFSET(ASISTENCIA!$E$1,MATCH($G8,ASISTENCIA!$E:$E,0)-1,MATCH(M$1,ASISTENCIA!$3:$3,0)-5,1,1) | N8: =OFFSET(ASISTENCIA!$E$1,MATCH($G8,ASISTENCIA!$E:$E,0)-1,MATCH(N$1,ASISTENCIA!$3:$3,0)-5,1,1) | O8: =IF(TODAY()>=$O$1-6,SUM(OFFSET(DEVO!$F$1,MATCH($G8,DEVO!$E:$E,0)-1,MATCH(L$1,DEVO!$1:$1,0)-6,1,7)),"") -> 4 | P8: =IF(TODAY()>=$S$1-6,SUM(OFFSET(ASISTENCIA!$E$1,MATCH($G8,ASISTENCIA!$E:$E,0)-1,MATCH(P$1,ASISTENCIA!$3:$3,0)-5,1,1)),"") -> 1 | Q8: =OFFSET(ASISTENCIA!$E$1,MATCH($G8,ASISTENCIA!$E:$E,0)-1,MATCH(Q$1,ASISTENCIA!$3:$3,0)-5,1,1) | R8: =OFFSET(ASISTENCIA!$E$1,MATCH($G8,ASISTENCIA!$E:$E,0)-1,MATCH(R$1,ASISTENCIA!$3:$3,0)-5,1,1) -> 1 | S8: =IF(TODAY()>=$S$1-6,SUM(OFFSET(DEVO!$F$1,MATCH($G8,DEVO!$E:$E,0)-1,MATCH(P$1,DEVO!$1:$1,0)-6,1,7)),"") -> 7 | T8: =IF(TODAY()>=$W$1-6,SUM(OFFSET(ASISTENCIA!$E$1,MATCH($G8,ASISTENCIA!$E:$E,0)-1,MATCH(T$1,ASISTENCIA!$3:$3,0)-5,1,1)),"") -> 0 | U8: =OFFSET(ASISTENCIA!$E$1,MATCH($G8,ASISTENCIA!$E:$E,0)-1,MATCH(U$1,ASISTENCIA!$3:$3,0)-5,1,1) | V8: =OFFSET(ASISTENCIA!$E$1,MATCH($G8,ASISTENCIA!$E:$E,0)-1,MATCH(V$1,ASISTENCIA!$3:$3,0)-5,1,1) | W8: =IF(TODAY()>=$W$1-6,SUM(OFFSET(DEVO!$F$1,MATCH($G8,DEVO!$E:$E,0)-1,MATCH(T$1,DEVO!$1:$1,0)-6,1,7)),"") -> 7 | X8: =IF(TODAY()>=$AA$1-6,SUM(OFFSET(ASISTENCIA!$E$1,MATCH($G8,ASISTENCIA!$E:$E,0)-1,MATCH(X$1,ASISTENCIA!$3:$3,0)-5,1,1)),"") -> 1 | Y8: =OFFSET(ASISTENCIA!$E$1,MATCH($G8,ASISTENCIA!$E:$E,0)-1,MATCH(Y$1,ASISTENCIA!$3:$3,0)-5,1,1) | Z8: =OFFSET(ASISTENCIA!$E$1,MATCH($G8,ASISTENCIA!$E:$E,0)-1,MATCH(Z$1,ASISTENCIA!$3:$3,0)-5,1,1) | AA8: =IF(TODAY()>=$AA$1-6,SUM(OFFSET(DEVO!$F$1,MATCH($G8,DEVO!$E:$E,0)-1,MATCH(X$1,DEVO!$1:$1,0)-6,1,7)),"") -> 7 | AB8: =IF(TODAY()>=$AE$1-6,SUM(OFFSET(ASISTENCIA!$E$1,MATCH($G8,ASISTENCIA!$E:$E,0)-1,MATCH(AB$1,ASISTENCIA!$3:$3,0)-5,1,1)),"") -> 2 | AC8: =OFFSET(ASISTENCIA!$E$1,MATCH($G8,ASISTENCIA!$E:$E,0)-1,MATCH(AC$1,ASISTENCIA!$3:$3,0)-5,1,1) | AD8: =OFFSET(ASISTENCIA!$E$1,MATCH($G8,ASISTENCIA!$E:$E,0)-1,MATCH(AD$1,ASISTENCIA!$3:$3,0)-5,1,1) | AE8: =IF(TODAY()>=$AE$1-6,SUM(OFFSET(DEVO!$F$1,MATCH($G8,DEVO!$E:$E,0)-1,MATCH(AB$1,DEVO!$1:$1,0)-6,1,7)),"") -> 0 | AF8: =IF(TODAY()>=$AI$1-6,SUM(OFFSET(ASISTENCIA!$E$1,MATCH($G8,ASISTENCIA!$E:$E,0)-1,MATCH(AF$1,ASISTENCIA!$3:$3,0)-5,1,1)),"") -> 1 | AG8: =OFFSET(ASISTENCIA!$E$1,MATCH($G8,ASISTENCIA!$E:$E,0)-1,MATCH(AG$1,ASISTENCIA!$3:$3,0)-5,1,1) | AH8: =OFFSET(ASISTENCIA!$E$1,MATCH($G8,ASISTENCIA!$E:$E,0)-1,MATCH(AH$1,ASISTENCIA!$3:$3,0)-5,1,1) | AI8: =IF(TODAY()>=$AI$1-6,SUM(OFFSET(DEVO!$F$1,MATCH($G8,DEVO!$E:$E,0)-1,MATCH(AF$1,DEVO!$1:$1,0)-6,1,7)),"") -> 7 | AJ8: =IF(TODAY()>=$AM$1-6,SUM(OFFSET(ASISTENCIA!$E$1,MATCH($G8,ASISTENCIA!$E:$E,0)-1,MATCH(AJ$1,ASISTENCIA!$3:$3,0)-5,1,1)),"") -> 1 | AK8: =OFFSET(ASISTENCIA!$E$1,MATCH($G8,ASISTENCIA!$E:$E,0)-1,MATCH(AK$1,ASISTENCIA!$3:$3,0)-5,1,1) | AL8: =OFFSET(ASISTENCIA!$E$1,MATCH($G8,ASISTENCIA!$E:$E,0)-1,MATCH(AL$1,ASISTENCIA!$3:$3,0)-5,1,1) | AM8: =IF(TODAY()>=$AM$1-6,SUM(OFFSET(DEVO!$F$1,MATCH($G8,DEVO!$E:$E,0)-1,MATCH(AJ$1,DEVO!$1:$1,0)-6,1,7)),"") -> 7 | AN8: =IF(TODAY()>=$AQ$1-6,SUM(OFFSET(ASISTENCIA!$E$1,MATCH($G8,ASISTENCIA!$E:$E,0)-1,MATCH(AN$1,ASISTENCIA!$3:$3,0)-5,1,1)),"") -> 1 | AO8: =OFFSET(ASISTENCIA!$E$1,MATCH($G8,ASISTENCIA!$E:$E,0)-1,MATCH(AO$1,ASISTENCIA!$3:$3,0)-5,1,1) | AP8: =OFFSET(ASISTENCIA!$E$1,MATCH($G8,ASISTENCIA!$E:$E,0)-1,MATCH(AP$1,ASISTENCIA!$3:$3,0)-5,1,1) -> 1 | AQ8: =IF(TODAY()>=$AQ$1-6,SUM(OFFSET(DEVO!$F$1,MATCH($G8,DEVO!$E:$E,0)-1,MATCH(AN$1,DEVO!$1:$1,0)-6,1,7)),"") -> 0 | AR8: =IF(TODAY()>=$AU$1-6,SUM(OFFSET(ASISTENCIA!$E$1,MATCH($G8,ASISTENCIA!$E:$E,0)-1,MATCH(AR$1,ASISTENCIA!$3:$3,0)-5,1,1)),"") -> 2 | AS8: =OFFSET(ASISTENCIA!$E$1,MATCH($G8,ASISTENCIA!$E:$E,0)-1,MATCH(AS$1,ASISTENCIA!$3:$3,0)-5,1,1) | AT8: =OFFSET(ASISTENCIA!$E$1,MATCH($G8,ASISTENCIA!$E:$E,0)-1,MATCH(AT$1,ASISTENCIA!$3:$3,0)-5,1,1) -> 1 | AU8: =IF(TODAY()>=$AU$1-6,SUM(OFFSET(DEVO!$F$1,MATCH($G8,DEVO!$E:$E,0)-1,MATCH(AR$1,DEVO!$1:$1,0)-6,1,7)),"") -> 0 | AV8: =OFFSET(ASISTENCIA!$E$1,MATCH($G8,ASISTENCIA!$E:$E,0)-1,MATCH(AV$1,ASISTENCIA!$3:$3,0)-5,1,1) -> 13 | AW8: =OFFSET(ASISTENCIA!$E$1,MATCH($G8,ASISTENCIA!$E:$E,0)-1,MATCH(AW$1,ASISTENCIA!$3:$3,0)-5,1,1) -> 20 | AY8: =IF(TODAY()>=$O$1-6,COUNTIF(L8,">"&0)," ") -> 1 | AZ8: =IF(TODAY()>=$S$1-6,COUNTIF(P8,">"&0)," ") -> 1 | BA8: =IF(TODAY()>=$W$1-6,COUNTIF(T8,">"&0)," ") -> 0 | BB8: =IF(TODAY()>=$AA$1-6,COUNTIF(X8,">"&0)," ") -> 1 | BC8: =IF(TODAY()>=$AE$1-6,COUNTIF(AB8,">"&0)," ") -> 1 | BD8: =IF(TODAY()>=$AI$1-6,COUNTIF(AF8,">"&0)," ") -> 1 | BE8: =IF(TODAY()>=$AM$1-6,COUNTIF(AJ8,">"&0)," ") -> 1 | BF8: =IF(TODAY()>=$AQ$1-6,COUNTIF(AN8,">"&0)," ") -> 1 | BG8: =IF(TODAY()>=$AU$1-6,COUNTIF(AR8,">"&0)," ") -> 1 | BH8: =IFERROR(SUM(AY8:BG8)/$BJ$2,0)*10 -> 8.8888889 | BI8: =VLOOKUP(BH8,$BX$4:$BY$11,2,1) -> BUENO | BJ8: =IF(TODAY()>=$O$1-6,VLOOKUP(10*SUMPRODUCT($BJ$1:$BM$1,L8:O8)/MIN((TODAY()-$O$1+7),7),$BX$15:$BY$22,2,1)," ") -> REGULARES | BK8: =IF(TODAY()>=$S$1-6,VLOOKUP(10*SUMPRODUCT($BJ$1:$BM$1,P8:S8)/MIN((TODAY()-$S$1+7),7),$BX$15:$BY$22,2,1)," ") -> EXCELENTES | BL8: =IF(TODAY()>=$W$1-6,VLOOKUP(10*SUMPRODUCT($BJ$1:$BM$1,T8:W8)/MIN((TODAY()-$W$1+7),7),$BX$15:$BY$22,2,1)," ") -> EXCELENTES | BM8: =IF(TODAY()>=$AA$1-6,VLOOKUP(10*SUMPRODUCT($BJ$1:$BM$1,X8:AA8)/MIN((TODAY()-$AA$1+7),7),$BX$15:$BY$22,2,1)," ") -> EXCELENTES | BN8: =IF(TODAY()>=$AE$1-6,VLOOKUP(10*SUMPRODUCT($BJ$1:$BM$1,AB8:AE8)/MIN((TODAY()-$AE$1+7),7),$BX$15:$BY$22,2,1)," ") -> OBSERVADOS | BO8: =IF(TODAY()>=$AI$1-6,VLOOKUP(10*SUMPRODUCT($BJ$1:$BM$1,AF8:AI8)/MIN((TODAY()-$AI$1+7),7),$BX$15:$BY$22,2,1)," ") -> EXCELENTES | BP8: =IF(TODAY()>=$AM$1-6,VLOOKUP(10*SUMPRODUCT($BJ$1:$BM$1,AJ8:AM8)/MIN((TODAY()-$AM$1+7),7),$BX$15:$BY$22,2,1)," ") -> EXCELENTES | BQ8: =IF(TODAY()>=$AQ$1-6,VLOOKUP(10*SUMPRODUCT($BJ$1:$BM$1,AN8:AQ8)/MIN((TODAY()-$AQ$1+7),7),$BX$15:$BY$22,2,1)," ") -> OBSERVADOS | BR8: =IF(TODAY()>=$AU$1-6,VLOOKUP(10*SUMPRODUCT($BJ$1:$BM$1,AR8:AU8)/MIN((TODAY()-$AU$1+7),7),$BX$15:$BY$22,2,1)," ") -> OBSERVADOS | BS8: =OFFSET(ASISTENCIA!$E$1,MATCH($G8,ASISTENCIA!$E:$E,0)-1,MATCH(BS$1,ASISTENCIA!$3:$3,0)-5,1,1) | BT8: =OFFSET(ASISTENCIA!$E$1,MATCH($G8,ASISTENCIA!$E:$E,0)-1,MATCH(BT$1,ASISTENCIA!$3:$3,0)-5,1,1) -> William Bonifacio | BU8: =OFFSET(ASISTENCIA!$E$1,MATCH($G8,ASISTENCIA!$E:$E,0)-1,MATCH(BU$1,ASISTENCIA!$3:$3,0)-5,1,1) -> 981070518 | BV8: =OFFSET(ASISTENCIA!$E$1,MATCH($G8,ASISTENCIA!$E:$E,0)-1,MATCH(BV$1,ASISTENCIA!$3:$3,0)-5,1,1) | BX8: =IFERROR(__xludf.DUMMYFUNCTION("""COMPUTED_VALUE"""),8.343333333333334) -> 8.3433333 | BY8: =IFERROR(__xludf.DUMMYFUNCTION("""COMPUTED_VALUE"""),"BUENO") -> BUENO
A9: =1+A8 -> 6 | B9: =IFERROR(__xludf.DUMMYFUNCTION("""COMPUTED_VALUE"""),"ANTIOQUIANOS") -> ANTIOQUIANOS | C9: =IFERROR(__xludf.DUMMYFUNCTION("""COMPUTED_VALUE"""),"AUDI ESTELA SAHUANAY HUISACAYNA") -> AUDI ESTELA SAHUANAY HUISACAYNA | D9: =IFERROR(__xludf.DUMMYFUNCTION("""COMPUTED_VALUE"""),"ESC.LID-0244") -> ESC.LID-0244 | E9: =IFERROR(__xludf.DUMMYFUNCTION("""COMPUTED_VALUE"""),"C11A") -> C11A | F9: =IFERROR(__xludf.DUMMYFUNCTION("""COMPUTED_VALUE"""),"LLAJA TICONA , SAINT") -> LLAJA TICONA , SAINT | G9: =IFERROR(__xludf.DUMMYFUNCTION("""COMPUTED_VALUE"""),"70285329") -> 70285329 | H9: =IFERROR(__xludf.DUMMYFUNCTION("""COMPUTED_VALUE"""),"928819618") -> 928819618 | J9: =DEVO!F10 -> 36152 | K9: =IF(I9>0,I9,J9) -> 36152 | L9: =IF(TODAY()>=$O$1-6,SUM(OFFSET(ASISTENCIA!$E$1,MATCH($G9,ASISTENCIA!$E:$E,0)-1,MATCH(L$1,ASISTENCIA!$3:$3,0)-5,1,1)),"") -> 1 | M9: =OFFSET(ASISTENCIA!$E$1,MATCH($G9,ASISTENCIA!$E:$E,0)-1,MATCH(M$1,ASISTENCIA!$3:$3,0)-5,1,1) | N9: =OFFSET(ASISTENCIA!$E$1,MATCH($G9,ASISTENCIA!$E:$E,0)-1,MATCH(N$1,ASISTENCIA!$3:$3,0)-5,1,1) -> 2 | O9: =IF(TODAY()>=$O$1-6,SUM(OFFSET(DEVO!$F$1,MATCH($G9,DEVO!$E:$E,0)-1,MATCH(L$1,DEVO!$1:$1,0)-6,1,7)),"") -> 6 | P9: =IF(TODAY()>=$S$1-6,SUM(OFFSET(ASISTENCIA!$E$1,MATCH($G9,ASISTENCIA!$E:$E,0)-1,MATCH(P$1,ASISTENCIA!$3:$3,0)-5,1,1)),"") -> 1 | Q9: =OFFSET(ASISTENCIA!$E$1,MATCH($G9,ASISTENCIA!$E:$E,0)-1,MATCH(Q$1,ASISTENCIA!$3:$3,0)-5,1,1) | R9: =OFFSET(ASISTENCIA!$E$1,MATCH($G9,ASISTENCIA!$E:$E,0)-1,MATCH(R$1,ASISTENCIA!$3:$3,0)-5,1,1) | S9: =IF(TODAY()>=$S$1-6,SUM(OFFSET(DEVO!$F$1,MATCH($G9,DEVO!$E:$E,0)-1,MATCH(P$1,DEVO!$1:$1,0)-6,1,7)),"") -> 7 | T9: =IF(TODAY()>=$W$1-6,SUM(OFFSET(ASISTENCIA!$E$1,MATCH($G9,ASISTENCIA!$E:$E,0)-1,MATCH(T$1,ASISTENCIA!$3:$3,0)-5,1,1)),"") -> 1 | U9: =OFFSET(ASISTENCIA!$E$1,MATCH($G9,ASISTENCIA!$E:$E,0)-1,MATCH(U$1,ASISTENCIA!$3:$3,0)-5,1,1) | V9: =OFFSET(ASISTENCIA!$E$1,MATCH($G9,ASISTENCIA!$E:$E,0)-1,MATCH(V$1,ASISTENCIA!$3:$3,0)-5,1,1) -> 1 | W9: =IF(TODAY()>=$W$1-6,SUM(OFFSET(DEVO!$F$1,MATCH($G9,DEVO!$E:$E,0)-1,MATCH(T$1,DEVO!$1:$1,0)-6,1,7)),"") -> 4 | X9: =IF(TODAY()>=$AA$1-6,SUM(OFFSET(ASISTENCIA!$E$1,MATCH($G9,ASISTENCIA!$E:$E,0)-1,MATCH(X$1,ASISTENCIA!$3:$3,0)-5,1,1)),"") -> 1 | Y9: =OFFSET(ASISTENCIA!$E$1,MATCH($G9,ASISTENCIA!$E:$E,0)-1,MATCH(Y$1,ASISTENCIA!$3:$3,0)-5,1,1) | Z9: =OFFSET(ASISTENCIA!$E$1,MATCH($G9,ASISTENCIA!$E:$E,0)-1,MATCH(Z$1,ASISTENCIA!$3:$3,0)-5,1,1) -> 1 | AA9: =IF(TODAY()>=$AA$1-6,SUM(OFFSET(DEVO!$F$1,MATCH($G9,DEVO!$E:$E,0)-1,MATCH(X$1,DEVO!$1:$1,0)-6,1,7)),"") -> 7 | AB9: =IF(TODAY()>=$AE$1-6,SUM(OFFSET(ASISTENCIA!$E$1,MATCH($G9,ASISTENCIA!$E:$E,0)-1,MATCH(AB$1,ASISTENCIA!$3:$3,0)-5,1,1)),"") -> 1 | AC9: =OFFSET(ASISTENCIA!$E$1,MATCH($G9,ASISTENCIA!$E:$E,0)-1,MATCH(AC$1,ASISTENCIA!$3:$3,0)-5,1,1) | AD9: =OFFSET(ASISTENCIA!$E$1,MATCH($G9,ASISTENCIA!$E:$E,0)-1,MATCH(AD$1,ASISTENCIA!$3:$3,0)-5,1,1) -> 1 | AE9: =IF(TODAY()>=$AE$1-6,SUM(OFFSET(DEVO!$F$1,MATCH($G9,DEVO!$E:$E,0)-1,MATCH(AB$1,DEVO!$1:$1,0)-6,1,7)),"") -> 2 | AF9: =IF(TODAY()>=$AI$1-6,SUM(OFFSET(ASISTENCIA!$E$1,MATCH($G9,ASISTENCIA!$E:$E,0)-1,MATCH(AF$1,ASISTENCIA!$3:$3,0)-5,1,1)),"") -> 1 | AG9: =OFFSET(ASISTENCIA!$E$1,MATCH($G9,ASISTENCIA!$E:$E,0)-1,MATCH(AG$1,ASISTENCIA!$3:$3,0)-5,1,1) | AH9: =OFFSET(ASISTENCIA!$E$1,MATCH($G9,ASISTENCIA!$E:$E,0)-1,MATCH(AH$1,ASISTENCIA!$3:$3,0)-5,1,1) -> 1 | AI9: =IF(TODAY()>=$AI$1-6,SUM(OFFSET(DEVO!$F$1,MATCH($G9,DEVO!$E:$E,0)-1,MATCH(AF$1,DEVO!$1:$1,0)-6,1,7)),"") -> 6 | AJ9: =IF(TODAY()>=$AM$1-6,SUM(OFFSET(ASISTENCIA!$E$1,MATCH($G9,ASISTENCIA!$E:$E,0)-1,MATCH(AJ$1,ASISTENCIA!$3:$3,0)-5,1,1)),"") -> 1 | AK9: =OFFSET(ASISTENCIA!$E$1,MATCH($G9,ASISTENCIA!$E:$E,0)-1,MATCH(AK$1,ASISTENCIA!$3:$3,0)-5,1,1) | AL9: =OFFSET(ASISTENCIA!$E$1,MATCH($G9,ASISTENCIA!$E:$E,0)-1,MATCH(AL$1,ASISTENCIA!$3:$3,0)-5,1,1) -> 1 | AM9: =IF(TODAY()>=$AM$1-6,SUM(OFFSET(DEVO!$F$1,MATCH($G9,DEVO!$E:$E,0)-1,MATCH(AJ$1,DEVO!$1:$1,0)-6,1,7)),"") -> 0 | AN9: =IF(TODAY()>=$AQ$1-6,SUM(OFFSET(ASISTENCIA!$E$1,MATCH($G9,ASISTENCIA!$E:$E,0)-1,MATCH(AN$1,ASISTENCIA!$3:$3,0)-5,1,1)),"") -> 1 | AO9: =OFFSET(ASISTENCIA!$E$1,MATCH($G9,ASISTENCIA!$E:$E,0)-1,MATCH(AO$1,ASISTENCIA!$3:$3,0)-5,1,1) | AP9: =OFFSET(ASISTENCIA!$E$1,MATCH($G9,ASISTENCIA!$E:$E,0)-1,MATCH(AP$1,ASISTENCIA!$3:$3,0)-5,1,1) -> 1 | AQ9: =IF(TODAY()>=$AQ$1-6,SUM(OFFSET(DEVO!$F$1,MATCH($G9,DEVO!$E:$E,0)-1,MATCH(AN$1,DEVO!$1:$1,0)-6,1,7)),"") -> 0 | AR9: =IF(TODAY()>=$AU$1-6,SUM(OFFSET(ASISTENCIA!$E$1,MATCH($G9,ASISTENCIA!$E:$E,0)-1,MATCH(AR$1,ASISTENCIA!$3:$3,0)-5,1,1)),"") -> 1 | AS9: =OFFSET(ASISTENCIA!$E$1,MATCH($G9,ASISTENCIA!$E:$E,0)-1,MATCH(AS$1,ASISTENCIA!$3:$3,0)-5,1,1) | AT9: =OFFSET(ASISTENCIA!$E$1,MATCH($G9,ASISTENCIA!$E:$E,0)-1,MATCH(AT$1,ASISTENCIA!$3:$3,0)-5,1,1) -> 1 | AU9: =IF(TODAY()>=$AU$1-6,SUM(OFFSET(DEVO!$F$1,MATCH($G9,DEVO!$E:$E,0)-1,MATCH(AR$1,DEVO!$1:$1,0)-6,1,7)),"") -> 0 | AV9: =OFFSET(ASISTENCIA!$E$1,MATCH($G9,ASISTENCIA!$E:$E,0)-1,MATCH(AV$1,ASISTENCIA!$3:$3,0)-5,1,1) -> 8 | AW9: =OFFSET(ASISTENCIA!$E$1,MATCH($G9,ASISTENCIA!$E:$E,0)-1,MATCH(AW$1,ASISTENCIA!$3:$3,0)-5,1,1) -> 20 | AY9: =IF(TODAY()>=$O$1-6,COUNTIF(L9,">"&0)," ") -> 1 | AZ9: =IF(TODAY()>=$S$1-6,COUNTIF(P9,">"&0)," ") -> 1 | BA9: =IF(TODAY()>=$W$1-6,COUNTIF(T9,">"&0)," ") -> 1 | BB9: =IF(TODAY()>=$AA$1-6,COUNTIF(X9,">"&0)," ") -> 1 | BC9: =IF(TODAY()>=$AE$1-6,COUNTIF(AB9,">"&0)," ") -> 1 | BD9: =IF(TODAY()>=$AI$1-6,COUNTIF(AF9,">"&0)," ") -> 1 | BE9: =IF(TODAY()>=$AM$1-6,COUNTIF(AJ9,">"&0)," ") -> 1 | BF9: =IF(TODAY()>=$AQ$1-6,COUNTIF(AN9,">"&0)," ") -> 1 | BG9: =IF(TODAY()>=$AU$1-6,COUNTIF(AR9,">"&0)," ") -> 1 | BH9: =IFERROR(SUM(AY9:BG9)/$BJ$2,0)*10 -> 10 | BI9: =VLOOKUP(BH9,$BX$4:$BY$11,2,1) -> EXCELENTES | BJ9: =IF(TODAY()>=$O$1-6,VLOOKUP(10*SUMPRODUCT($BJ$1:$BM$1,L9:O9)/MIN((TODAY()-$O$1+7),7),$BX$15:$BY$22,2,1)," ") -> BUENO | BK9: =IF(TODAY()>=$S$1-6,VLOOKUP(10*SUMPRODUCT($BJ$1:$BM$1,P9:S9)/MIN((TODAY()-$S$1+7),7),$BX$15:$BY$22,2,1)," ") -> EXCELENTES | BL9: =IF(TODAY()>=$W$1-6,VLOOKUP(10*SUMPRODUCT($BJ$1:$BM$1,T9:W9)/MIN((TODAY()-$W$1+7),7),$BX$15:$BY$22,2,1)," ") -> REGULARES | BM9: =IF(TODAY()>=$AA$1-6,VLOOKUP(10*SUMPRODUCT($BJ$1:$BM$1,X9:AA9)/MIN((TODAY()-$AA$1+7),7),$BX$15:$BY$22,2,1)," ") -> EXCELENTES | BN9: =IF(TODAY()>=$AE$1-6,VLOOKUP(10*SUMPRODUCT($BJ$1:$BM$1,AB9:AE9)/MIN((TODAY()-$AE$1+7),7),$BX$15:$BY$22,2,1)," ") -> OBSERVADOS | BO9: =IF(TODAY()>=$AI$1-6,VLOOKUP(10*SUMPRODUCT($BJ$1:$BM$1,AF9:AI9)/MIN((TODAY()-$AI$1+7),7),$BX$15:$BY$22,2,1)," ") -> BUENO | BP9: =IF(TODAY()>=$AM$1-6,VLOOKUP(10*SUMPRODUCT($BJ$1:$BM$1,AJ9:AM9)/MIN((TODAY()-$AM$1+7),7),$BX$15:$BY$22,2,1)," ") -> OBSERVADOS | BQ9: =IF(TODAY()>=$AQ$1-6,VLOOKUP(10*SUMPRODUCT($BJ$1:$BM$1,AN9:AQ9)/MIN((TODAY()-$AQ$1+7),7),$BX$15:$BY$22,2,1)," ") -> OBSERVADOS | BR9: =IF(TODAY()>=$AU$1-6,VLOOKUP(10*SUMPRODUCT($BJ$1:$BM$1,AR9:AU9)/MIN((TODAY()-$AU$1+7),7),$BX$15:$BY$22,2,1)," ") -> OBSERVADOS | BS9: =OFFSET(ASISTENCIA!$E$1,MATCH($G9,ASISTENCIA!$E:$E,0)-1,MATCH(BS$1,ASISTENCIA!$3:$3,0)-5,1,1) -> Presentó un .txt hecho con IA | BT9: =OFFSET(ASISTENCIA!$E$1,MATCH($G9,ASISTENCIA!$E:$E,0)-1,MATCH(BT$1,ASISTENCIA!$3:$3,0)-5,1,1) -> Jhon | BU9: =OFFSET(ASISTENCIA!$E$1,MATCH($G9,ASISTENCIA!$E:$E,0)-1,MATCH(BU$1,ASISTENCIA!$3:$3,0)-5,1,1) -> 969312062 | BV9: =OFFSET(ASISTENCIA!$E$1,MATCH($G9,ASISTENCIA!$E:$E,0)-1,MATCH(BV$1,ASISTENCIA!$3:$3,0)-5,1,1) | BX9: =IFERROR(__xludf.DUMMYFUNCTION("""COMPUTED_VALUE"""),9.444444444444445) -> 9.4444444 | BY9: =IFERROR(__xludf.DUMMYFUNCTION("""COMPUTED_VALUE"""),"BUENO") -> BUENO
A10: =1+A9 -> 7 | B10: =IFERROR(__xludf.DUMMYFUNCTION("""COMPUTED_VALUE"""),"ANTIOQUIANOS") -> ANTIOQUIANOS | C10: =IFERROR(__xludf.DUMMYFUNCTION("""COMPUTED_VALUE"""),"AUDI ESTELA SAHUANAY HUISACAYNA") -> AUDI ESTELA SAHUANAY HUISACAYNA | D10: =IFERROR(__xludf.DUMMYFUNCTION("""COMPUTED_VALUE"""),"ESC.LID-0245") -> ESC.LID-0245 | E10: =IFERROR(__xludf.DUMMYFUNCTION("""COMPUTED_VALUE"""),"C2132") -> C2132 | F10: =IFERROR(__xludf.DUMMYFUNCTION("""COMPUTED_VALUE"""),"LUCAS MELGAREJO, NELY") -> LUCAS MELGAREJO, NELY | G10: =IFERROR(__xludf.DUMMYFUNCTION("""COMPUTED_VALUE"""),"47715838") -> 47715838 | H10: =IFERROR(__xludf.DUMMYFUNCTION("""COMPUTED_VALUE"""),"920611254") -> 920611254 | J10: =DEVO!F11 -> 32030 | K10: =IF(I10>0,I10,J10) -> 32030 | L10: =IF(TODAY()>=$O$1-6,SUM(OFFSET(ASISTENCIA!$E$1,MATCH($G10,ASISTENCIA!$E:$E,0)-1,MATCH(L$1,ASISTENCIA!$3:$3,0)-5,1,1)),"") -> 1 | M10: =OFFSET(ASISTENCIA!$E$1,MATCH($G10,ASISTENCIA!$E:$E,0)-1,MATCH(M$1,ASISTENCIA!$3:$3,0)-5,1,1) | N10: =OFFSET(ASISTENCIA!$E$1,MATCH($G10,ASISTENCIA!$E:$E,0)-1,MATCH(N$1,ASISTENCIA!$3:$3,0)-5,1,1) | O10: =IF(TODAY()>=$O$1-6,SUM(OFFSET(DEVO!$F$1,MATCH($G10,DEVO!$E:$E,0)-1,MATCH(L$1,DEVO!$1:$1,0)-6,1,7)),"") -> 5 | P10: =IF(TODAY()>=$S$1-6,SUM(OFFSET(ASISTENCIA!$E$1,MATCH($G10,ASISTENCIA!$E:$E,0)-1,MATCH(P$1,ASISTENCIA!$3:$3,0)-5,1,1)),"") -> 4 | Q10: =OFFSET(ASISTENCIA!$E$1,MATCH($G10,ASISTENCIA!$E:$E,0)-1,MATCH(Q$1,ASISTENCIA!$3:$3,0)-5,1,1) -> 2 | R10: =OFFSET(ASISTENCIA!$E$1,MATCH($G10,ASISTENCIA!$E:$E,0)-1,MATCH(R$1,ASISTENCIA!$3:$3,0)-5,1,1) -> 1 | S10: =IF(TODAY()>=$S$1-6,SUM(OFFSET(DEVO!$F$1,MATCH($G10,DEVO!$E:$E,0)-1,MATCH(P$1,DEVO!$1:$1,0)-6,1,7)),"") -> 7 | T10: =IF(TODAY()>=$W$1-6,SUM(OFFSET(ASISTENCIA!$E$1,MATCH($G10,ASISTENCIA!$E:$E,0)-1,MATCH(T$1,ASISTENCIA!$3:$3,0)-5,1,1)),"") -> 4 | U10: =OFFSET(ASISTENCIA!$E$1,MATCH($G10,ASISTENCIA!$E:$E,0)-1,MATCH(U$1,ASISTENCIA!$3:$3,0)-5,1,1) | V10: =OFFSET(ASISTENCIA!$E$1,MATCH($G10,ASISTENCIA!$E:$E,0)-1,MATCH(V$1,ASISTENCIA!$3:$3,0)-5,1,1) -> 2 | W10: =IF(TODAY()>=$W$1-6,SUM(OFFSET(DEVO!$F$1,MATCH($G10,DEVO!$E:$E,0)-1,MATCH(T$1,DEVO!$1:$1,0)-6,1,7)),"") -> 3 | X10: =IF(TODAY()>=$AA$1-6,SUM(OFFSET(ASISTENCIA!$E$1,MATCH($G10,ASISTENCIA!$E:$E,0)-1,MATCH(X$1,ASISTENCIA!$3:$3,0)-5,1,1)),"") -> 4 | Y10: =OFFSET(ASISTENCIA!$E$1,MATCH($G10,ASISTENCIA!$E:$E,0)-1,MATCH(Y$1,ASISTENCIA!$3:$3,0)-5,1,1) -> 5 | Z10: =OFFSET(ASISTENCIA!$E$1,MATCH($G10,ASISTENCIA!$E:$E,0)-1,MATCH(Z$1,ASISTENCIA!$3:$3,0)-5,1,1) -> 1 | AA10: =IF(TODAY()>=$AA$1-6,SUM(OFFSET(DEVO!$F$1,MATCH($G10,DEVO!$E:$E,0)-1,MATCH(X$1,DEVO!$1:$1,0)-6,1,7)),"") -> 0 | AB10: =IF(TODAY()>=$AE$1-6,SUM(OFFSET(ASISTENCIA!$E$1,MATCH($G10,ASISTENCIA!$E:$E,0)-1,MATCH(AB$1,ASISTENCIA!$3:$3,0)-5,1,1)),"") -> 1 | AC10: =OFFSET(ASISTENCIA!$E$1,MATCH($G10,ASISTENCIA!$E:$E,0)-1,MATCH(AC$1,ASISTENCIA!$3:$3,0)-5,1,1) | AD10: =OFFSET(ASISTENCIA!$E$1,MATCH($G10,ASISTENCIA!$E:$E,0)-1,MATCH(AD$1,ASISTENCIA!$3:$3,0)-5,1,1) -> 1 | AE10: =IF(TODAY()>=$AE$1-6,SUM(OFFSET(DEVO!$F$1,MATCH($G10,DEVO!$E:$E,0)-1,MATCH(AB$1,DEVO!$1:$1,0)-6,1,7)),"") -> 0 | AF10: =IF(TODAY()>=$AI$1-6,SUM(OFFSET(ASISTENCIA!$E$1,MATCH($G10,ASISTENCIA!$E:$E,0)-1,MATCH(AF$1,ASISTENCIA!$3:$3,0)-5,1,1)),"") -> 1 | AG10: =OFFSET(ASISTENCIA!$E$1,MATCH($G10,ASISTENCIA!$E:$E,0)-1,MATCH(AG$1,ASISTENCIA!$3:$3,0)-5,1,1) | AH10: =OFFSET(ASISTENCIA!$E$1,MATCH($G10,ASISTENCIA!$E:$E,0)-1,MATCH(AH$1,ASISTENCIA!$3:$3,0)-5,1,1) -> 1 | AI10: =IF(TODAY()>=$AI$1-6,SUM(OFFSET(DEVO!$F$1,MATCH($G10,DEVO!$E:$E,0)-1,MATCH(AF$1,DEVO!$1:$1,0)-6,1,7)),"") -> 0 | AJ10: =IF(TODAY()>=$AM$1-6,SUM(OFFSET(ASISTENCIA!$E$1,MATCH($G10,ASISTENCIA!$E:$E,0)-1,MATCH(AJ$1,ASISTENCIA!$3:$3,0)-5,1,1)),"") -> 1 | AK10: =OFFSET(ASISTENCIA!$E$1,MATCH($G10,ASISTENCIA!$E:$E,0)-1,MATCH(AK$1,ASISTENCIA!$3:$3,0)-5,1,1) | AL10: =OFFSET(ASISTENCIA!$E$1,MATCH($G10,ASISTENCIA!$E:$E,0)-1,MATCH(AL$1,ASISTENCIA!$3:$3,0)-5,1,1) -> 1 | AM10: =IF(TODAY()>=$AM$1-6,SUM(OFFSET(DEVO!$F$1,MATCH($G10,DEVO!$E:$E,0)-1,MATCH(AJ$1,DEVO!$1:$1,0)-6,1,7)),"") -> 0 | AN10: =IF(TODAY()>=$AQ$1-6,SUM(OFFSET(ASISTENCIA!$E$1,MATCH($G10,ASISTENCIA!$E:$E,0)-1,MATCH(AN$1,ASISTENCIA!$3:$3,0)-5,1,1)),"") -> 1 | AO10: =OFFSET(ASISTENCIA!$E$1,MATCH($G10,ASISTENCIA!$E:$E,0)-1,MATCH(AO$1,ASISTENCIA!$3:$3,0)-5,1,1) | AP10: =OFFSET(ASISTENCIA!$E$1,MATCH($G10,ASISTENCIA!$E:$E,0)-1,MATCH(AP$1,ASISTENCIA!$3:$3,0)-5,1,1) | AQ10: =IF(TODAY()>=$AQ$1-6,SUM(OFFSET(DEVO!$F$1,MATCH($G10,DEVO!$E:$E,0)-1,MATCH(AN$1,DEVO!$1:$1,0)-6,1,7)),"") -> 0 | AR10: =IF(TODAY()>=$AU$1-6,SUM(OFFSET(ASISTENCIA!$E$1,MATCH($G10,ASISTENCIA!$E:$E,0)-1,MATCH(AR$1,ASISTENCIA!$3:$3,0)-5,1,1)),"") -> 1 | AS10: =OFFSET(ASISTENCIA!$E$1,MATCH($G10,ASISTENCIA!$E:$E,0)-1,MATCH(AS$1,ASISTENCIA!$3:$3,0)-5,1,1) | AT10: =OFFSET(ASISTENCIA!$E$1,MATCH($G10,ASISTENCIA!$E:$E,0)-1,MATCH(AT$1,ASISTENCIA!$3:$3,0)-5,1,1) | AU10: =IF(TODAY()>=$AU$1-6,SUM(OFFSET(DEVO!$F$1,MATCH($G10,DEVO!$E:$E,0)-1,MATCH(AR$1,DEVO!$1:$1,0)-6,1,7)),"") -> 0 | AV10: =OFFSET(ASISTENCIA!$E$1,MATCH($G10,ASISTENCIA!$E:$E,0)-1,MATCH(AV$1,ASISTENCIA!$3:$3,0)-5,1,1) -> 12 | AW10: =OFFSET(ASISTENCIA!$E$1,MATCH($G10,ASISTENCIA!$E:$E,0)-1,MATCH(AW$1,ASISTENCIA!$3:$3,0)-5,1,1) | AY10: =IF(TODAY()>=$O$1-6,COUNTIF(L10,">"&0)," ") -> 1 | AZ10: =IF(TODAY()>=$S$1-6,COUNTIF(P10,">"&0)," ") -> 1 | BA10: =IF(TODAY()>=$W$1-6,COUNTIF(T10,">"&0)," ") -> 1 | BB10: =IF(TODAY()>=$AA$1-6,COUNTIF(X10,">"&0)," ") -> 1 | BC10: =IF(TODAY()>=$AE$1-6,COUNTIF(AB10,">"&0)," ") -> 1 | BD10: =IF(TODAY()>=$AI$1-6,COUNTIF(AF10,">"&0)," ") -> 1 | BE10: =IF(TODAY()>=$AM$1-6,COUNTIF(AJ10,">"&0)," ") -> 1 | BF10: =IF(TODAY()>=$AQ$1-6,COUNTIF(AN10,">"&0)," ") -> 1 | BG10: =IF(TODAY()>=$AU$1-6,COUNTIF(AR10,">"&0)," ") -> 1 | BH10: =IFERROR(SUM(AY10:BG10)/$BJ$2,0)*10 -> 10 | BI10: =VLOOKUP(BH10,$BX$4:$BY$11,2,1) -> EXCELENTES | BJ10: =IF(TODAY()>=$O$1-6,VLOOKUP(10*SUMPRODUCT($BJ$1:$BM$1,L10:O10)/MIN((TODAY()-$O$1+7),7),$BX$15:$BY$22,2,1)," ") -> BUENO | BK10: =IF(TODAY()>=$S$1-6,VLOOKUP(10*SUMPRODUCT($BJ$1:$BM$1,P10:S10)/MIN((TODAY()-$S$1+7),7),$BX$15:$BY$22,2,1)," ") -> EXCELENTES | BL10: =IF(TODAY()>=$W$1-6,VLOOKUP(10*SUMPRODUCT($BJ$1:$BM$1,T10:W10)/MIN((TODAY()-$W$1+7),7),$BX$15:$BY$22,2,1)," ") -> REGULARES | BM10: =IF(TODAY()>=$AA$1-6,VLOOKUP(10*SUMPRODUCT($BJ$1:$BM$1,X10:AA10)/MIN((TODAY()-$AA$1+7),7),$BX$15:$BY$22,2,1)," ") -> OBSERVADOS | BN10: =IF(TODAY()>=$AE$1-6,VLOOKUP(10*SUMPRODUCT($BJ$1:$BM$1,AB10:AE10)/MIN((TODAY()-$AE$1+7),7),$BX$15:$BY$22,2,1)," ") -> OBSERVADOS | BO10: =IF(TODAY()>=$AI$1-6,VLOOKUP(10*SUMPRODUCT($BJ$1:$BM$1,AF10:AI10)/MIN((TODAY()-$AI$1+7),7),$BX$15:$BY$22,2,1)," ") -> OBSERVADOS | BP10: =IF(TODAY()>=$AM$1-6,VLOOKUP(10*SUMPRODUCT($BJ$1:$BM$1,AJ10:AM10)/MIN((TODAY()-$AM$1+7),7),$BX$15:$BY$22,2,1)," ") -> OBSERVADOS | BQ10: =IF(TODAY()>=$AQ$1-6,VLOOKUP(10*SUMPRODUCT($BJ$1:$BM$1,AN10:AQ10)/MIN((TODAY()-$AQ$1+7),7),$BX$15:$BY$22,2,1)," ") -> OBSERVADOS | BR10: =IF(TODAY()>=$AU$1-6,VLOOKUP(10*SUMPRODUCT($BJ$1:$BM$1,AR10:AU10)/MIN((TODAY()-$AU$1+7),7),$BX$15:$BY$22,2,1)," ") -> OBSERVADOS | BS10: =OFFSET(ASISTENCIA!$E$1,MATCH($G10,ASISTENCIA!$E:$E,0)-1,MATCH(BS$1,ASISTENCIA!$3:$3,0)-5,1,1) | BT10: =OFFSET(ASISTENCIA!$E$1,MATCH($G10,ASISTENCIA!$E:$E,0)-1,MATCH(BT$1,ASISTENCIA!$3:$3,0)-5,1,1) -> Lucy Guerrero | BU10: =OFFSET(ASISTENCIA!$E$1,MATCH($G10,ASISTENCIA!$E:$E,0)-1,MATCH(BU$1,ASISTENCIA!$3:$3,0)-5,1,1) -> 975537169 | BV10: =OFFSET(ASISTENCIA!$E$1,MATCH($G10,ASISTENCIA!$E:$E,0)-1,MATCH(BV$1,ASISTENCIA!$3:$3,0)-5,1,1) | BX10: =IFERROR(__xludf.DUMMYFUNCTION("""COMPUTED_VALUE"""),9.454444444444444) -> 9.4544444 | BY10: =IFERROR(__xludf.DUMMYFUNCTION("""COMPUTED_VALUE"""),"EXCELENTES") -> EXCELENTES
A11: =1+A10 -> 8 | B11: =IFERROR(__xludf.DUMMYFUNCTION("""COMPUTED_VALUE"""),"ANTIOQUIANOS") -> ANTIOQUIANOS | C11: =IFERROR(__xludf.DUMMYFUNCTION("""COMPUTED_VALUE"""),"AUDI ESTELA SAHUANAY HUISACAYNA") -> AUDI ESTELA SAHUANAY HUISACAYNA | D11: =IFERROR(__xludf.DUMMYFUNCTION("""COMPUTED_VALUE"""),"ESC.LID-0247") -> ESC.LID-0247 | E11: =IFERROR(__xludf.DUMMYFUNCTION("""COMPUTED_VALUE"""),"C2133") -> C2133 | F11: =IFERROR(__xludf.DUMMYFUNCTION("""COMPUTED_VALUE"""),"MARTELL BARRIOS, ZORAIDA") -> MARTELL BARRIOS, ZORAIDA | G11: =IFERROR(__xludf.DUMMYFUNCTION("""COMPUTED_VALUE"""),"47773475") -> 47773475 | H11: =IFERROR(__xludf.DUMMYFUNCTION("""COMPUTED_VALUE"""),"949580997") -> 949580997 | J11: =DEVO!F12 -> 34099 | K11: =IF(I11>0,I11,J11) -> 34099 | L11: =IF(TODAY()>=$O$1-6,SUM(OFFSET(ASISTENCIA!$E$1,MATCH($G11,ASISTENCIA!$E:$E,0)-1,MATCH(L$1,ASISTENCIA!$3:$3,0)-5,1,1)),"") -> 4 | M11: =OFFSET(ASISTENCIA!$E$1,MATCH($G11,ASISTENCIA!$E:$E,0)-1,MATCH(M$1,ASISTENCIA!$3:$3,0)-5,1,1) | N11: =OFFSET(ASISTENCIA!$E$1,MATCH($G11,ASISTENCIA!$E:$E,0)-1,MATCH(N$1,ASISTENCIA!$3:$3,0)-5,1,1) -> 2 | O11: =IF(TODAY()>=$O$1-6,SUM(OFFSET(DEVO!$F$1,MATCH($G11,DEVO!$E:$E,0)-1,MATCH(L$1,DEVO!$1:$1,0)-6,1,7)),"") -> 7 | P11: =IF(TODAY()>=$S$1-6,SUM(OFFSET(ASISTENCIA!$E$1,MATCH($G11,ASISTENCIA!$E:$E,0)-1,MATCH(P$1,ASISTENCIA!$3:$3,0)-5,1,1)),"") -> 4 | Q11: =OFFSET(ASISTENCIA!$E$1,MATCH($G11,ASISTENCIA!$E:$E,0)-1,MATCH(Q$1,ASISTENCIA!$3:$3,0)-5,1,1) | R11: =OFFSET(ASISTENCIA!$E$1,MATCH($G11,ASISTENCIA!$E:$E,0)-1,MATCH(R$1,ASISTENCIA!$3:$3,0)-5,1,1) -> 1 | S11: =IF(TODAY()>=$S$1-6,SUM(OFFSET(DEVO!$F$1,MATCH($G11,DEVO!$E:$E,0)-1,MATCH(P$1,DEVO!$1:$1,0)-6,1,7)),"") -> 7 | T11: =IF(TODAY()>=$W$1-6,SUM(OFFSET(ASISTENCIA!$E$1,MATCH($G11,ASISTENCIA!$E:$E,0)-1,MATCH(T$1,ASISTENCIA!$3:$3,0)-5,1,1)),"") -> 4 | U11: =OFFSET(ASISTENCIA!$E$1,MATCH($G11,ASISTENCIA!$E:$E,0)-1,MATCH(U$1,ASISTENCIA!$3:$3,0)-5,1,1) | V11: =OFFSET(ASISTENCIA!$E$1,MATCH($G11,ASISTENCIA!$E:$E,0)-1,MATCH(V$1,ASISTENCIA!$3:$3,0)-5,1,1) -> 1 | W11: =IF(TODAY()>=$W$1-6,SUM(OFFSET(DEVO!$F$1,MATCH($G11,DEVO!$E:$E,0)-1,MATCH(T$1,DEVO!$1:$1,0)-6,1,7)),"") -> 7 | X11: =IF(TODAY()>=$AA$1-6,SUM(OFFSET(ASISTENCIA!$E$1,MATCH($G11,ASISTENCIA!$E:$E,0)-1,MATCH(X$1,ASISTENCIA!$3:$3,0)-5,1,1)),"") -> 4 | Y11: =OFFSET(ASISTENCIA!$E$1,MATCH($G11,ASISTENCIA!$E:$E,0)-1,MATCH(Y$1,ASISTENCIA!$3:$3,0)-5,1,1) | Z11: =OFFSET(ASISTENCIA!$E$1,MATCH($G11,ASISTENCIA!$E:$E,0)-1,MATCH(Z$1,ASISTENCIA!$3:$3,0)-5,1,1) -> 1 | AA11: =IF(TODAY()>=$AA$1-6,SUM(OFFSET(DEVO!$F$1,MATCH($G11,DEVO!$E:$E,0)-1,MATCH(X$1,DEVO!$1:$1,0)-6,1,7)),"") -> 7 | AB11: =IF(TODAY()>=$AE$1-6,SUM(OFFSET(ASISTENCIA!$E$1,MATCH($G11,ASISTENCIA!$E:$E,0)-1,MATCH(AB$1,ASISTENCIA!$3:$3,0)-5,1,1)),"") -> 4 | AC11: =OFFSET(ASISTENCIA!$E$1,MATCH($G11,ASISTENCIA!$E:$E,0)-1,MATCH(AC$1,ASISTENCIA!$3:$3,0)-5,1,1) | AD11: =OFFSET(ASISTENCIA!$E$1,MATCH($G11,ASISTENCIA!$E:$E,0)-1,MATCH(AD$1,ASISTENCIA!$3:$3,0)-5,1,1) -> 1 | AE11: =IF(TODAY()>=$AE$1-6,SUM(OFFSET(DEVO!$F$1,MATCH($G11,DEVO!$E:$E,0)-1,MATCH(AB$1,DEVO!$1:$1,0)-6,1,7)),"") -> 7 | AF11: =IF(TODAY()>=$AI$1-6,SUM(OFFSET(ASISTENCIA!$E$1,MATCH($G11,ASISTENCIA!$E:$E,0)-1,MATCH(AF$1,ASISTENCIA!$3:$3,0)-5,1,1)),"") -> 4 | AG11: =OFFSET(ASISTENCIA!$E$1,MATCH($G11,ASISTENCIA!$E:$E,0)-1,MATCH(AG$1,ASISTENCIA!$3:$3,0)-5,1,1) | AH11: =OFFSET(ASISTENCIA!$E$1,MATCH($G11,ASISTENCIA!$E:$E,0)-1,MATCH(AH$1,ASISTENCIA!$3:$3,0)-5,1,1) -> 1 | AI11: =IF(TODAY()>=$AI$1-6,SUM(OFFSET(DEVO!$F$1,MATCH($G11,DEVO!$E:$E,0)-1,MATCH(AF$1,DEVO!$1:$1,0)-6,1,7)),"") -> 7 | AJ11: =IF(TODAY()>=$AM$1-6,SUM(OFFSET(ASISTENCIA!$E$1,MATCH($G11,ASISTENCIA!$E:$E,0)-1,MATCH(AJ$1,ASISTENCIA!$3:$3,0)-5,1,1)),"") -> 3 | AK11: =OFFSET(ASISTENCIA!$E$1,MATCH($G11,ASISTENCIA!$E:$E,0)-1,MATCH(AK$1,ASISTENCIA!$3:$3,0)-5,1,1) | AL11: =OFFSET(ASISTENCIA!$E$1,MATCH($G11,ASISTENCIA!$E:$E,0)-1,MATCH(AL$1,ASISTENCIA!$3:$3,0)-5,1,1) -> 1 | AM11: =IF(TODAY()>=$AM$1-6,SUM(OFFSET(DEVO!$F$1,MATCH($G11,DEVO!$E:$E,0)-1,MATCH(AJ$1,DEVO!$1:$1,0)-6,1,7)),"") -> 7 | AN11: =IF(TODAY()>=$AQ$1-6,SUM(OFFSET(ASISTENCIA!$E$1,MATCH($G11,ASISTENCIA!$E:$E,0)-1,MATCH(AN$1,ASISTENCIA!$3:$3,0)-5,1,1)),"") -> 3 | AO11: =OFFSET(ASISTENCIA!$E$1,MATCH($G11,ASISTENCIA!$E:$E,0)-1,MATCH(AO$1,ASISTENCIA!$3:$3,0)-5,1,1) | AP11: =OFFSET(ASISTENCIA!$E$1,MATCH($G11,ASISTENCIA!$E:$E,0)-1,MATCH(AP$1,ASISTENCIA!$3:$3,0)-5,1,1) -> 2 | AQ11: =IF(TODAY()>=$AQ$1-6,SUM(OFFSET(DEVO!$F$1,MATCH($G11,DEVO!$E:$E,0)-1,MATCH(AN$1,DEVO!$1:$1,0)-6,1,7)),"") -> 7 | AR11: =IF(TODAY()>=$AU$1-6,SUM(OFFSET(ASISTENCIA!$E$1,MATCH($G11,ASISTENCIA!$E:$E,0)-1,MATCH(AR$1,ASISTENCIA!$3:$3,0)-5,1,1)),"") -> 4 | AS11: =OFFSET(ASISTENCIA!$E$1,MATCH($G11,ASISTENCIA!$E:$E,0)-1,MATCH(AS$1,ASISTENCIA!$3:$3,0)-5,1,1) | AT11: =OFFSET(ASISTENCIA!$E$1,MATCH($G11,ASISTENCIA!$E:$E,0)-1,MATCH(AT$1,ASISTENCIA!$3:$3,0)-5,1,1) | AU11: =IF(TODAY()>=$AU$1-6,SUM(OFFSET(DEVO!$F$1,MATCH($G11,DEVO!$E:$E,0)-1,MATCH(AR$1,DEVO!$1:$1,0)-6,1,7)),"") -> 4 | AV11: =OFFSET(ASISTENCIA!$E$1,MATCH($G11,ASISTENCIA!$E:$E,0)-1,MATCH(AV$1,ASISTENCIA!$3:$3,0)-5,1,1) -> 10 | AW11: =OFFSET(ASISTENCIA!$E$1,MATCH($G11,ASISTENCIA!$E:$E,0)-1,MATCH(AW$1,ASISTENCIA!$3:$3,0)-5,1,1) -> 20 | AY11: =IF(TODAY()>=$O$1-6,COUNTIF(L11,">"&0)," ") -> 1 | AZ11: =IF(TODAY()>=$S$1-6,COUNTIF(P11,">"&0)," ") -> 1 | BA11: =IF(TODAY()>=$W$1-6,COUNTIF(T11,">"&0)," ") -> 1 | BB11: =IF(TODAY()>=$AA$1-6,COUNTIF(X11,">"&0)," ") -> 1 | BC11: =IF(TODAY()>=$AE$1-6,COUNTIF(AB11,">"&0)," ") -> 1 | BD11: =IF(TODAY()>=$AI$1-6,COUNTIF(AF11,">"&0)," ") -> 1 | BE11: =IF(TODAY()>=$AM$1-6,COUNTIF(AJ11,">"&0)," ") -> 1 | BF11: =IF(TODAY()>=$AQ$1-6,COUNTIF(AN11,">"&0)," ") -> 1 | BG11: =IF(TODAY()>=$AU$1-6,COUNTIF(AR11,">"&0)," ") -> 1 | BH11: =IFERROR(SUM(AY11:BG11)/$BJ$2,0)*10 -> 10 | BI11: =VLOOKUP(BH11,$BX$4:$BY$11,2,1) -> EXCELENTES | BJ11: =IF(TODAY()>=$O$1-6,VLOOKUP(10*SUMPRODUCT($BJ$1:$BM$1,L11:O11)/MIN((TODAY()-$O$1+7),7),$BX$15:$BY$22,2,1)," ") -> EXCELENTES | BK11: =IF(TODAY()>=$S$1-6,VLOOKUP(10*SUMPRODUCT($BJ$1:$BM$1,P11:S11)/MIN((TODAY()-$S$1+7),7),$BX$15:$BY$22,2,1)," ") -> EXCELENTES | BL11: =IF(TODAY()>=$W$1-6,VLOOKUP(10*SUMPRODUCT($BJ$1:$BM$1,T11:W11)/MIN((TODAY()-$W$1+7),7),$BX$15:$BY$22,2,1)," ") -> EXCELENTES | BM11: =IF(TODAY()>=$AA$1-6,VLOOKUP(10*SUMPRODUCT($BJ$1:$BM$1,X11:AA11)/MIN((TODAY()-$AA$1+7),7),$BX$15:$BY$22,2,1)," ") -> EXCELENTES | BN11: =IF(TODAY()>=$AE$1-6,VLOOKUP(10*SUMPRODUCT($BJ$1:$BM$1,AB11:AE11)/MIN((TODAY()-$AE$1+7),7),$BX$15:$BY$22,2,1)," ") -> EXCELENTES | BO11: =IF(TODAY()>=$AI$1-6,VLOOKUP(10*SUMPRODUCT($BJ$1:$BM$1,AF11:AI11)/MIN((TODAY()-$AI$1+7),7),$BX$15:$BY$22,2,1)," ") -> EXCELENTES | BP11: =IF(TODAY()>=$AM$1-6,VLOOKUP(10*SUMPRODUCT($BJ$1:$BM$1,AJ11:AM11)/MIN((TODAY()-$AM$1+7),7),$BX$15:$BY$22,2,1)," ") -> EXCELENTES | BQ11: =IF(TODAY()>=$AQ$1-6,VLOOKUP(10*SUMPRODUCT($BJ$1:$BM$1,AN11:AQ11)/MIN((TODAY()-$AQ$1+7),7),$BX$15:$BY$22,2,1)," ") -> EXCELENTES | BR11: =IF(TODAY()>=$AU$1-6,VLOOKUP(10*SUMPRODUCT($BJ$1:$BM$1,AR11:AU11)/MIN((TODAY()-$AU$1+7),7),$BX$15:$BY$22,2,1)," ") -> REGULARES | BS11: =OFFSET(ASISTENCIA!$E$1,MATCH($G11,ASISTENCIA!$E:$E,0)-1,MATCH(BS$1,ASISTENCIA!$3:$3,0)-5,1,1) -> El trabajo está hecho con IA | BT11: =OFFSET(ASISTENCIA!$E$1,MATCH($G11,ASISTENCIA!$E:$E,0)-1,MATCH(BT$1,ASISTENCIA!$3:$3,0)-5,1,1) -> Katerine Salas | BU11: =OFFSET(ASISTENCIA!$E$1,MATCH($G11,ASISTENCIA!$E:$E,0)-1,MATCH(BU$1,ASISTENCIA!$3:$3,0)-5,1,1) -> 950198680 | BV11: =OFFSET(ASISTENCIA!$E$1,MATCH($G11,ASISTENCIA!$E:$E,0)-1,MATCH(BV$1,ASISTENCIA!$3:$3,0)-5,1,1) | BX11: =IFERROR(__xludf.DUMMYFUNCTION("""COMPUTED_VALUE"""),100.0) -> 100 | BY11: =IFERROR(__xludf.DUMMYFUNCTION("""COMPUTED_VALUE"""),"EXCELENTES") -> EXCELENTES
A12: =1+A11 -> 9 | B12: =IFERROR(__xludf.DUMMYFUNCTION("""COMPUTED_VALUE"""),"ANTIOQUIANOS") -> ANTIOQUIANOS | C12: =IFERROR(__xludf.DUMMYFUNCTION("""COMPUTED_VALUE"""),"AUDI ESTELA SAHUANAY HUISACAYNA") -> AUDI ESTELA SAHUANAY HUISACAYNA | D12: =IFERROR(__xludf.DUMMYFUNCTION("""COMPUTED_VALUE"""),"ESC.LID-0252") -> ESC.LID-0252 | E12: =IFERROR(__xludf.DUMMYFUNCTION("""COMPUTED_VALUE"""),"C11A") -> C11A | F12: =IFERROR(__xludf.DUMMYFUNCTION("""COMPUTED_VALUE"""),"ORTIZ GARCIA, ANTHONY") -> ORTIZ GARCIA, ANTHONY | G12: =IFERROR(__xludf.DUMMYFUNCTION("""COMPUTED_VALUE"""),"72192544") -> 72192544 | H12: =IFERROR(__xludf.DUMMYFUNCTION("""COMPUTED_VALUE"""),"989469908") -> 989469908 | J12: =DEVO!F13 -> 34964 | K12: =IF(I12>0,I12,J12) -> 34964 | L12: =IF(TODAY()>=$O$1-6,SUM(OFFSET(ASISTENCIA!$E$1,MATCH($G12,ASISTENCIA!$E:$E,0)-1,MATCH(L$1,ASISTENCIA!$3:$3,0)-5,1,1)),"") -> 4 | M12: =OFFSET(ASISTENCIA!$E$1,MATCH($G12,ASISTENCIA!$E:$E,0)-1,MATCH(M$1,ASISTENCIA!$3:$3,0)-5,1,1) | N12: =OFFSET(ASISTENCIA!$E$1,MATCH($G12,ASISTENCIA!$E:$E,0)-1,MATCH(N$1,ASISTENCIA!$3:$3,0)-5,1,1) -> 2 | O12: =IF(TODAY()>=$O$1-6,SUM(OFFSET(DEVO!$F$1,MATCH($G12,DEVO!$E:$E,0)-1,MATCH(L$1,DEVO!$1:$1,0)-6,1,7)),"") -> 1 | P12: =IF(TODAY()>=$S$1-6,SUM(OFFSET(ASISTENCIA!$E$1,MATCH($G12,ASISTENCIA!$E:$E,0)-1,MATCH(P$1,ASISTENCIA!$3:$3,0)-5,1,1)),"") -> 1 | Q12: =OFFSET(ASISTENCIA!$E$1,MATCH($G12,ASISTENCIA!$E:$E,0)-1,MATCH(Q$1,ASISTENCIA!$3:$3,0)-5,1,1) | R12: =OFFSET(ASISTENCIA!$E$1,MATCH($G12,ASISTENCIA!$E:$E,0)-1,MATCH(R$1,ASISTENCIA!$3:$3,0)-5,1,1) -> 1 | S12: =IF(TODAY()>=$S$1-6,SUM(OFFSET(DEVO!$F$1,MATCH($G12,DEVO!$E:$E,0)-1,MATCH(P$1,DEVO!$1:$1,0)-6,1,7)),"") -> 1 | T12: =IF(TODAY()>=$W$1-6,SUM(OFFSET(ASISTENCIA!$E$1,MATCH($G12,ASISTENCIA!$E:$E,0)-1,MATCH(T$1,ASISTENCIA!$3:$3,0)-5,1,1)),"") -> 0 | U12: =OFFSET(ASISTENCIA!$E$1,MATCH($G12,ASISTENCIA!$E:$E,0)-1,MATCH(U$1,ASISTENCIA!$3:$3,0)-5,1,1) | V12: =OFFSET(ASISTENCIA!$E$1,MATCH($G12,ASISTENCIA!$E:$E,0)-1,MATCH(V$1,ASISTENCIA!$3:$3,0)-5,1,1) | W12: =IF(TODAY()>=$W$1-6,SUM(OFFSET(DEVO!$F$1,MATCH($G12,DEVO!$E:$E,0)-1,MATCH(T$1,DEVO!$1:$1,0)-6,1,7)),"") -> 0 | X12: =IF(TODAY()>=$AA$1-6,SUM(OFFSET(ASISTENCIA!$E$1,MATCH($G12,ASISTENCIA!$E:$E,0)-1,MATCH(X$1,ASISTENCIA!$3:$3,0)-5,1,1)),"") -> 0 | Y12: =OFFSET(ASISTENCIA!$E$1,MATCH($G12,ASISTENCIA!$E:$E,0)-1,MATCH(Y$1,ASISTENCIA!$3:$3,0)-5,1,1) | Z12: =OFFSET(ASISTENCIA!$E$1,MATCH($G12,ASISTENCIA!$E:$E,0)-1,MATCH(Z$1,ASISTENCIA!$3:$3,0)-5,1,1) | AA12: =IF(TODAY()>=$AA$1-6,SUM(OFFSET(DEVO!$F$1,MATCH($G12,DEVO!$E:$E,0)-1,MATCH(X$1,DEVO!$1:$1,0)-6,1,7)),"") -> 0 | AB12: =IF(TODAY()>=$AE$1-6,SUM(OFFSET(ASISTENCIA!$E$1,MATCH($G12,ASISTENCIA!$E:$E,0)-1,MATCH(AB$1,ASISTENCIA!$3:$3,0)-5,1,1)),"") -> 1 | AC12: =OFFSET(ASISTENCIA!$E$1,MATCH($G12,ASISTENCIA!$E:$E,0)-1,MATCH(AC$1,ASISTENCIA!$3:$3,0)-5,1,1) | AD12: =OFFSET(ASISTENCIA!$E$1,MATCH($G12,ASISTENCIA!$E:$E,0)-1,MATCH(AD$1,ASISTENCIA!$3:$3,0)-5,1,1) -> 1 | AE12: =IF(TODAY()>=$AE$1-6,SUM(OFFSET(DEVO!$F$1,MATCH($G12,DEVO!$E:$E,0)-1,MATCH(AB$1,DEVO!$1:$1,0)-6,1,7)),"") -> 0 | AF12: =IF(TODAY()>=$AI$1-6,SUM(OFFSET(ASISTENCIA!$E$1,MATCH($G12,ASISTENCIA!$E:$E,0)-1,MATCH(AF$1,ASISTENCIA!$3:$3,0)-5,1,1)),"") -> 1 | AG12: =OFFSET(ASISTENCIA!$E$1,MATCH($G12,ASISTENCIA!$E:$E,0)-1,MATCH(AG$1,ASISTENCIA!$3:$3,0)-5,1,1) | AH12: =OFFSET(ASISTENCIA!$E$1,MATCH($G12,ASISTENCIA!$E:$E,0)-1,MATCH(AH$1,ASISTENCIA!$3:$3,0)-5,1,1) -> 1 | AI12: =IF(TODAY()>=$AI$1-6,SUM(OFFSET(DEVO!$F$1,MATCH($G12,DEVO!$E:$E,0)-1,MATCH(AF$1,DEVO!$1:$1,0)-6,1,7)),"") -> 0 | AJ12: =IF(TODAY()>=$AM$1-6,SUM(OFFSET(ASISTENCIA!$E$1,MATCH($G12,ASISTENCIA!$E:$E,0)-1,MATCH(AJ$1,ASISTENCIA!$3:$3,0)-5,1,1)),"") -> 1 | AK12: =OFFSET(ASISTENCIA!$E$1,MATCH($G12,ASISTENCIA!$E:$E,0)-1,MATCH(AK$1,ASISTENCIA!$3:$3,0)-5,1,1) | AL12: =OFFSET(ASISTENCIA!$E$1,MATCH($G12,ASISTENCIA!$E:$E,0)-1,MATCH(AL$1,ASISTENCIA!$3:$3,0)-5,1,1) -> 1 | AM12: =IF(TODAY()>=$AM$1-6,SUM(OFFSET(DEVO!$F$1,MATCH($G12,DEVO!$E:$E,0)-1,MATCH(AJ$1,DEVO!$1:$1,0)-6,1,7)),"") -> 0 | AN12: =IF(TODAY()>=$AQ$1-6,SUM(OFFSET(ASISTENCIA!$E$1,MATCH($G12,ASISTENCIA!$E:$E,0)-1,MATCH(AN$1,ASISTENCIA!$3:$3,0)-5,1,1)),"") -> 1 | AO12: =OFFSET(ASISTENCIA!$E$1,MATCH($G12,ASISTENCIA!$E:$E,0)-1,MATCH(AO$1,ASISTENCIA!$3:$3,0)-5,1,1) | AP12: =OFFSET(ASISTENCIA!$E$1,MATCH($G12,ASISTENCIA!$E:$E,0)-1,MATCH(AP$1,ASISTENCIA!$3:$3,0)-5,1,1) -> 1 | AQ12: =IF(TODAY()>=$AQ$1-6,SUM(OFFSET(DEVO!$F$1,MATCH($G12,DEVO!$E:$E,0)-1,MATCH(AN$1,DEVO!$1:$1,0)-6,1,7)),"") -> 0 | AR12: =IF(TODAY()>=$AU$1-6,SUM(OFFSET(ASISTENCIA!$E$1,MATCH($G12,ASISTENCIA!$E:$E,0)-1,MATCH(AR$1,ASISTENCIA!$3:$3,0)-5,1,1)),"") -> 1 | AS12: =OFFSET(ASISTENCIA!$E$1,MATCH($G12,ASISTENCIA!$E:$E,0)-1,MATCH(AS$1,ASISTENCIA!$3:$3,0)-5,1,1) | AT12: =OFFSET(ASISTENCIA!$E$1,MATCH($G12,ASISTENCIA!$E:$E,0)-1,MATCH(AT$1,ASISTENCIA!$3:$3,0)-5,1,1) -> 1 | AU12: =IF(TODAY()>=$AU$1-6,SUM(OFFSET(DEVO!$F$1,MATCH($G12,DEVO!$E:$E,0)-1,MATCH(AR$1,DEVO!$1:$1,0)-6,1,7)),"") -> 0 | AV12: =OFFSET(ASISTENCIA!$E$1,MATCH($G12,ASISTENCIA!$E:$E,0)-1,MATCH(AV$1,ASISTENCIA!$3:$3,0)-5,1,1) -> 13 | AW12: =OFFSET(ASISTENCIA!$E$1,MATCH($G12,ASISTENCIA!$E:$E,0)-1,MATCH(AW$1,ASISTENCIA!$3:$3,0)-5,1,1) -> 12 | AY12: =IF(TODAY()>=$O$1-6,COUNTIF(L12,">"&0)," ") -> 1 | AZ12: =IF(TODAY()>=$S$1-6,COUNTIF(P12,">"&0)," ") -> 1 | BA12: =IF(TODAY()>=$W$1-6,COUNTIF(T12,">"&0)," ") -> 0 | BB12: =IF(TODAY()>=$AA$1-6,COUNTIF(X12,">"&0)," ") -> 0 | BC12: =IF(TODAY()>=$AE$1-6,COUNTIF(AB12,">"&0)," ") -> 1 | BD12: =IF(TODAY()>=$AI$1-6,COUNTIF(AF12,">"&0)," ") -> 1 | BE12: =IF(TODAY()>=$AM$1-6,COUNTIF(AJ12,">"&0)," ") -> 1 | BF12: =IF(TODAY()>=$AQ$1-6,COUNTIF(AN12,">"&0)," ") -> 1 | BG12: =IF(TODAY()>=$AU$1-6,COUNTIF(AR12,">"&0)," ") -> 1 | BH12: =IFERROR(SUM(AY12:BG12)/$BJ$2,0)*10 -> 7.7777778 | BI12: =VLOOKUP(BH12,$BX$4:$BY$11,2,1) -> REGULARES | BJ12: =IF(TODAY()>=$O$1-6,VLOOKUP(10*SUMPRODUCT($BJ$1:$BM$1,L12:O12)/MIN((TODAY()-$O$1+7),7),$BX$15:$BY$22,2,1)," ") -> OBSERVADOS | BK12: =IF(TODAY()>=$S$1-6,VLOOKUP(10*SUMPRODUCT($BJ$1:$BM$1,P12:S12)/MIN((TODAY()-$S$1+7),7),$BX$15:$BY$22,2,1)," ") -> OBSERVADOS | BL12: =IF(TODAY()>=$W$1-6,VLOOKUP(10*SUMPRODUCT($BJ$1:$BM$1,T12:W12)/MIN((TODAY()-$W$1+7),7),$BX$15:$BY$22,2,1)," ") -> OBSERVADOS | BM12: =IF(TODAY()>=$AA$1-6,VLOOKUP(10*SUMPRODUCT($BJ$1:$BM$1,X12:AA12)/MIN((TODAY()-$AA$1+7),7),$BX$15:$BY$22,2,1)," ") -> OBSERVADOS | BN12: =IF(TODAY()>=$AE$1-6,VLOOKUP(10*SUMPRODUCT($BJ$1:$BM$1,AB12:AE12)/MIN((TODAY()-$AE$1+7),7),$BX$15:$BY$22,2,1)," ") -> OBSERVADOS | BO12: =IF(TODAY()>=$AI$1-6,VLOOKUP(10*SUMPRODUCT($BJ$1:$BM$1,AF12:AI12)/MIN((TODAY()-$AI$1+7),7),$BX$15:$BY$22,2,1)," ") -> OBSERVADOS | BP12: =IF(TODAY()>=$AM$1-6,VLOOKUP(10*SUMPRODUCT($BJ$1:$BM$1,AJ12:AM12)/MIN((TODAY()-$AM$1+7),7),$BX$15:$BY$22,2,1)," ") -> OBSERVADOS | BQ12: =IF(TODAY()>=$AQ$1-6,VLOOKUP(10*SUMPRODUCT($BJ$1:$BM$1,AN12:AQ12)/MIN((TODAY()-$AQ$1+7),7),$BX$15:$BY$22,2,1)," ") -> OBSERVADOS | BR12: =IF(TODAY()>=$AU$1-6,VLOOKUP(10*SUMPRODUCT($BJ$1:$BM$1,AR12:AU12)/MIN((TODAY()-$AU$1+7),7),$BX$15:$BY$22,2,1)," ") -> OBSERVADOS | BS12: =OFFSET(ASISTENCIA!$E$1,MATCH($G12,ASISTENCIA!$E:$E,0)-1,MATCH(BS$1,ASISTENCIA!$3:$3,0)-5,1,1) | BT12: =OFFSET(ASISTENCIA!$E$1,MATCH($G12,ASISTENCIA!$E:$E,0)-1,MATCH(BT$1,ASISTENCIA!$3:$3,0)-5,1,1) -> Jaime Zegarra | BU12: =OFFSET(ASISTENCIA!$E$1,MATCH($G12,ASISTENCIA!$E:$E,0)-1,MATCH(BU$1,ASISTENCIA!$3:$3,0)-5,1,1) -> 923877478 | BV12: =OFFSET(ASISTENCIA!$E$1,MATCH($G12,ASISTENCIA!$E:$E,0)-1,MATCH(BV$1,ASISTENCIA!$3:$3,0)-5,1,1)
A13: =1+A12 -> 10 | B13: =IFERROR(__xludf.DUMMYFUNCTION("""COMPUTED_VALUE"""),"ANTIOQUIANOS") -> ANTIOQUIANOS | C13: =IFERROR(__xludf.DUMMYFUNCTION("""COMPUTED_VALUE"""),"AUDI ESTELA SAHUANAY HUISACAYNA") -> AUDI ESTELA SAHUANAY HUISACAYNA | D13: =IFERROR(__xludf.DUMMYFUNCTION("""COMPUTED_VALUE"""),"ESC.LID-0259") -> ESC.LID-0259 | E13: =IFERROR(__xludf.DUMMYFUNCTION("""COMPUTED_VALUE"""),"C11A") -> C11A | F13: =IFERROR(__xludf.DUMMYFUNCTION("""COMPUTED_VALUE"""),"PEREYRA CANCHES, EDGAR DANNY") -> PEREYRA CANCHES, EDGAR DANNY | G13: =IFERROR(__xludf.DUMMYFUNCTION("""COMPUTED_VALUE"""),"45715957") -> 45715957 | H13: =IFERROR(__xludf.DUMMYFUNCTION("""COMPUTED_VALUE"""),"991390851") -> 991390851 | J13: =DEVO!F14 -> 32591 | K13: =IF(I13>0,I13,J13) -> 32591 | L13: =IF(TODAY()>=$O$1-6,SUM(OFFSET(ASISTENCIA!$E$1,MATCH($G13,ASISTENCIA!$E:$E,0)-1,MATCH(L$1,ASISTENCIA!$3:$3,0)-5,1,1)),"") -> 1 | M13: =OFFSET(ASISTENCIA!$E$1,MATCH($G13,ASISTENCIA!$E:$E,0)-1,MATCH(M$1,ASISTENCIA!$3:$3,0)-5,1,1) | N13: =OFFSET(ASISTENCIA!$E$1,MATCH($G13,ASISTENCIA!$E:$E,0)-1,MATCH(N$1,ASISTENCIA!$3:$3,0)-5,1,1) | O13: =IF(TODAY()>=$O$1-6,SUM(OFFSET(DEVO!$F$1,MATCH($G13,DEVO!$E:$E,0)-1,MATCH(L$1,DEVO!$1:$1,0)-6,1,7)),"") -> 0 | P13: =IF(TODAY()>=$S$1-6,SUM(OFFSET(ASISTENCIA!$E$1,MATCH($G13,ASISTENCIA!$E:$E,0)-1,MATCH(P$1,ASISTENCIA!$3:$3,0)-5,1,1)),"") -> 3 | Q13: =OFFSET(ASISTENCIA!$E$1,MATCH($G13,ASISTENCIA!$E:$E,0)-1,MATCH(Q$1,ASISTENCIA!$3:$3,0)-5,1,1) | R13: =OFFSET(ASISTENCIA!$E$1,MATCH($G13,ASISTENCIA!$E:$E,0)-1,MATCH(R$1,ASISTENCIA!$3:$3,0)-5,1,1) -> 1 | S13: =IF(TODAY()>=$S$1-6,SUM(OFFSET(DEVO!$F$1,MATCH($G13,DEVO!$E:$E,0)-1,MATCH(P$1,DEVO!$1:$1,0)-6,1,7)),"") -> 0 | T13: =IF(TODAY()>=$W$1-6,SUM(OFFSET(ASISTENCIA!$E$1,MATCH($G13,ASISTENCIA!$E:$E,0)-1,MATCH(T$1,ASISTENCIA!$3:$3,0)-5,1,1)),"") -> 3 | U13: =OFFSET(ASISTENCIA!$E$1,MATCH($G13,ASISTENCIA!$E:$E,0)-1,MATCH(U$1,ASISTENCIA!$3:$3,0)-5,1,1) | V13: =OFFSET(ASISTENCIA!$E$1,MATCH($G13,ASISTENCIA!$E:$E,0)-1,MATCH(V$1,ASISTENCIA!$3:$3,0)-5,1,1) -> 1 | W13: =IF(TODAY()>=$W$1-6,SUM(OFFSET(DEVO!$F$1,MATCH($G13,DEVO!$E:$E,0)-1,MATCH(T$1,DEVO!$1:$1,0)-6,1,7)),"") -> 0 | X13: =IF(TODAY()>=$AA$1-6,SUM(OFFSET(ASISTENCIA!$E$1,MATCH($G13,ASISTENCIA!$E:$E,0)-1,MATCH(X$1,ASISTENCIA!$3:$3,0)-5,1,1)),"") -> 4 | Y13: =OFFSET(ASISTENCIA!$E$1,MATCH($G13,ASISTENCIA!$E:$E,0)-1,MATCH(Y$1,ASISTENCIA!$3:$3,0)-5,1,1) | Z13: =OFFSET(ASISTENCIA!$E$1,MATCH($G13,ASISTENCIA!$E:$E,0)-1,MATCH(Z$1,ASISTENCIA!$3:$3,0)-5,1,1) -> 1 | AA13: =IF(TODAY()>=$AA$1-6,SUM(OFFSET(DEVO!$F$1,MATCH($G13,DEVO!$E:$E,0)-1,MATCH(X$1,DEVO!$1:$1,0)-6,1,7)),"") -> 0 | AB13: =IF(TODAY()>=$AE$1-6,SUM(OFFSET(ASISTENCIA!$E$1,MATCH($G13,ASISTENCIA!$E:$E,0)-1,MATCH(AB$1,ASISTENCIA!$3:$3,0)-5,1,1)),"") -> 3 | AC13: =OFFSET(ASISTENCIA!$E$1,MATCH($G13,ASISTENCIA!$E:$E,0)-1,MATCH(AC$1,ASISTENCIA!$3:$3,0)-5,1,1) | AD13: =OFFSET(ASISTENCIA!$E$1,MATCH($G13,ASISTENCIA!$E:$E,0)-1,MATCH(AD$1,ASISTENCIA!$3:$3,0)-5,1,1) -> 1 | AE13: =IF(TODAY()>=$AE$1-6,SUM(OFFSET(DEVO!$F$1,MATCH($G13,DEVO!$E:$E,0)-1,MATCH(AB$1,DEVO!$1:$1,0)-6,1,7)),"") -> 0 | AF13: =IF(TODAY()>=$AI$1-6,SUM(OFFSET(ASISTENCIA!$E$1,MATCH($G13,ASISTENCIA!$E:$E,0)-1,MATCH(AF$1,ASISTENCIA!$3:$3,0)-5,1,1)),"") -> 1 | AG13: =OFFSET(ASISTENCIA!$E$1,MATCH($G13,ASISTENCIA!$E:$E,0)-1,MATCH(AG$1,ASISTENCIA!$3:$3,0)-5,1,1) | AH13: =OFFSET(ASISTENCIA!$E$1,MATCH($G13,ASISTENCIA!$E:$E,0)-1,MATCH(AH$1,ASISTENCIA!$3:$3,0)-5,1,1) -> 1 | AI13: =IF(TODAY()>=$AI$1-6,SUM(OFFSET(DEVO!$F$1,MATCH($G13,DEVO!$E:$E,0)-1,MATCH(AF$1,DEVO!$1:$1,0)-6,1,7)),"") -> 0 | AJ13: =IF(TODAY()>=$AM$1-6,SUM(OFFSET(ASISTENCIA!$E$1,MATCH($G13,ASISTENCIA!$E:$E,0)-1,MATCH(AJ$1,ASISTENCIA!$3:$3,0)-5,1,1)),"") -> 1 | AK13: =OFFSET(ASISTENCIA!$E$1,MATCH($G13,ASISTENCIA!$E:$E,0)-1,MATCH(AK$1,ASISTENCIA!$3:$3,0)-5,1,1) | AL13: =OFFSET(ASISTENCIA!$E$1,MATCH($G13,ASISTENCIA!$E:$E,0)-1,MATCH(AL$1,ASISTENCIA!$3:$3,0)-5,1,1) -> 1 | AM13: =IF(TODAY()>=$AM$1-6,SUM(OFFSET(DEVO!$F$1,MATCH($G13,DEVO!$E:$E,0)-1,MATCH(AJ$1,DEVO!$1:$1,0)-6,1,7)),"") -> 0 | AN13: =IF(TODAY()>=$AQ$1-6,SUM(OFFSET(ASISTENCIA!$E$1,MATCH($G13,ASISTENCIA!$E:$E,0)-1,MATCH(AN$1,ASISTENCIA!$3:$3,0)-5,1,1)),"") -> 1 | AO13: =OFFSET(ASISTENCIA!$E$1,MATCH($G13,ASISTENCIA!$E:$E,0)-1,MATCH(AO$1,ASISTENCIA!$3:$3,0)-5,1,1) | AP13: =OFFSET(ASISTENCIA!$E$1,MATCH($G13,ASISTENCIA!$E:$E,0)-1,MATCH(AP$1,ASISTENCIA!$3:$3,0)-5,1,1) -> 1 | AQ13: =IF(TODAY()>=$AQ$1-6,SUM(OFFSET(DEVO!$F$1,MATCH($G13,DEVO!$E:$E,0)-1,MATCH(AN$1,DEVO!$1:$1,0)-6,1,7)),"") -> 0 | AR13: =IF(TODAY()>=$AU$1-6,SUM(OFFSET(ASISTENCIA!$E$1,MATCH($G13,ASISTENCIA!$E:$E,0)-1,MATCH(AR$1,ASISTENCIA!$3:$3,0)-5,1,1)),"") -> 1 | AS13: =OFFSET(ASISTENCIA!$E$1,MATCH($G13,ASISTENCIA!$E:$E,0)-1,MATCH(AS$1,ASISTENCIA!$3:$3,0)-5,1,1) | AT13: =OFFSET(ASISTENCIA!$E$1,MATCH($G13,ASISTENCIA!$E:$E,0)-1,MATCH(AT$1,ASISTENCIA!$3:$3,0)-5,1,1) -> 1 | AU13: =IF(TODAY()>=$AU$1-6,SUM(OFFSET(DEVO!$F$1,MATCH($G13,DEVO!$E:$E,0)-1,MATCH(AR$1,DEVO!$1:$1,0)-6,1,7)),"") -> 0 | AV13: =OFFSET(ASISTENCIA!$E$1,MATCH($G13,ASISTENCIA!$E:$E,0)-1,MATCH(AV$1,ASISTENCIA!$3:$3,0)-5,1,1) -> 13 | AW13: =OFFSET(ASISTENCIA!$E$1,MATCH($G13,ASISTENCIA!$E:$E,0)-1,MATCH(AW$1,ASISTENCIA!$3:$3,0)-5,1,1) -> 20 | AY13: =IF(TODAY()>=$O$1-6,COUNTIF(L13,">"&0)," ") -> 1 | AZ13: =IF(TODAY()>=$S$1-6,COUNTIF(P13,">"&0)," ") -> 1 | BA13: =IF(TODAY()>=$W$1-6,COUNTIF(T13,">"&0)," ") -> 1 | BB13: =IF(TODAY()>=$AA$1-6,COUNTIF(X13,">"&0)," ") -> 1 | BC13: =IF(TODAY()>=$AE$1-6,COUNTIF(AB13,">"&0)," ") -> 1 | BD13: =IF(TODAY()>=$AI$1-6,COUNTIF(AF13,">"&0)," ") -> 1 | BE13: =IF(TODAY()>=$AM$1-6,COUNTIF(AJ13,">"&0)," ") -> 1 | BF13: =IF(TODAY()>=$AQ$1-6,COUNTIF(AN13,">"&0)," ") -> 1 | BG13: =IF(TODAY()>=$AU$1-6,COUNTIF(AR13,">"&0)," ") -> 1 | BH13: =IFERROR(SUM(AY13:BG13)/$BJ$2,0)*10 -> 10 | BI13: =VLOOKUP(BH13,$BX$4:$BY$11,2,1) -> EXCELENTES | BJ13: =IF(TODAY()>=$O$1-6,VLOOKUP(10*SUMPRODUCT($BJ$1:$BM$1,L13:O13)/MIN((TODAY()-$O$1+7),7),$BX$15:$BY$22,2,1)," ") -> OBSERVADOS | BK13: =IF(TODAY()>=$S$1-6,VLOOKUP(10*SUMPRODUCT($BJ$1:$BM$1,P13:S13)/MIN((TODAY()-$S$1+7),7),$BX$15:$BY$22,2,1)," ") -> OBSERVADOS | BL13: =IF(TODAY()>=$W$1-6,VLOOKUP(10*SUMPRODUCT($BJ$1:$BM$1,T13:W13)/MIN((TODAY()-$W$1+7),7),$BX$15:$BY$22,2,1)," ") -> OBSERVADOS | BM13: =IF(TODAY()>=$AA$1-6,VLOOKUP(10*SUMPRODUCT($BJ$1:$BM$1,X13:AA13)/MIN((TODAY()-$AA$1+7),7),$BX$15:$BY$22,2,1)," ") -> OBSERVADOS | BN13: =IF(TODAY()>=$AE$1-6,VLOOKUP(10*SUMPRODUCT($BJ$1:$BM$1,AB13:AE13)/MIN((TODAY()-$AE$1+7),7),$BX$15:$BY$22,2,1)," ") -> OBSERVADOS | BO13: =IF(TODAY()>=$AI$1-6,VLOOKUP(10*SUMPRODUCT($BJ$1:$BM$1,AF13:AI13)/MIN((TODAY()-$AI$1+7),7),$BX$15:$BY$22,2,1)," ") -> OBSERVADOS | BP13: =IF(TODAY()>=$AM$1-6,VLOOKUP(10*SUMPRODUCT($BJ$1:$BM$1,AJ13:AM13)/MIN((TODAY()-$AM$1+7),7),$BX$15:$BY$22,2,1)," ") -> OBSERVADOS | BQ13: =IF(TODAY()>=$AQ$1-6,VLOOKUP(10*SUMPRODUCT($BJ$1:$BM$1,AN13:AQ13)/MIN((TODAY()-$AQ$1+7),7),$BX$15:$BY$22,2,1)," ") -> OBSERVADOS | BR13: =IF(TODAY()>=$AU$1-6,VLOOKUP(10*SUMPRODUCT($BJ$1:$BM$1,AR13:AU13)/MIN((TODAY()-$AU$1+7),7),$BX$15:$BY$22,2,1)," ") -> OBSERVADOS | BS13: =OFFSET(ASISTENCIA!$E$1,MATCH($G13,ASISTENCIA!$E:$E,0)-1,MATCH(BS$1,ASISTENCIA!$3:$3,0)-5,1,1) | BT13: =OFFSET(ASISTENCIA!$E$1,MATCH($G13,ASISTENCIA!$E:$E,0)-1,MATCH(BT$1,ASISTENCIA!$3:$3,0)-5,1,1) -> Carlos González | BU13: =OFFSET(ASISTENCIA!$E$1,MATCH($G13,ASISTENCIA!$E:$E,0)-1,MATCH(BU$1,ASISTENCIA!$3:$3,0)-5,1,1) -> 997622122 | BV13: =OFFSET(ASISTENCIA!$E$1,MATCH($G13,ASISTENCIA!$E:$E,0)-1,MATCH(BV$1,ASISTENCIA!$3:$3,0)-5,1,1)
A14: =1+A13 -> 11 | B14: =IFERROR(__xludf.DUMMYFUNCTION("""COMPUTED_VALUE"""),"ANTIOQUIANOS") -> ANTIOQUIANOS | C14: =IFERROR(__xludf.DUMMYFUNCTION("""COMPUTED_VALUE"""),"AUDI ESTELA SAHUANAY HUISACAYNA") -> AUDI ESTELA SAHUANAY HUISACAYNA | D14: =IFERROR(__xludf.DUMMYFUNCTION("""COMPUTED_VALUE"""),"ESC.LID-0266") -> ESC.LID-0266 | E14: =IFERROR(__xludf.DUMMYFUNCTION("""COMPUTED_VALUE"""),"C21322") -> C21322 | F14: =IFERROR(__xludf.DUMMYFUNCTION("""COMPUTED_VALUE"""),"RAMOS ROJAS, SOCORRO") -> RAMOS ROJAS, SOCORRO | G14: =IFERROR(__xludf.DUMMYFUNCTION("""COMPUTED_VALUE"""),"09334182") -> 09334182 | H14: =IFERROR(__xludf.DUMMYFUNCTION("""COMPUTED_VALUE"""),"922838122") -> 922838122 | J14: =DEVO!F15 | K14: =IF(I14>0,I14,J14) | L14: =IF(TODAY()>=$O$1-6,SUM(OFFSET(ASISTENCIA!$E$1,MATCH($G14,ASISTENCIA!$E:$E,0)-1,MATCH(L$1,ASISTENCIA!$3:$3,0)-5,1,1)),"") -> 0 | M14: =OFFSET(ASISTENCIA!$E$1,MATCH($G14,ASISTENCIA!$E:$E,0)-1,MATCH(M$1,ASISTENCIA!$3:$3,0)-5,1,1) | N14: =OFFSET(ASISTENCIA!$E$1,MATCH($G14,ASISTENCIA!$E:$E,0)-1,MATCH(N$1,ASISTENCIA!$3:$3,0)-5,1,1) | O14: =IF(TODAY()>=$O$1-6,SUM(OFFSET(DEVO!$F$1,MATCH($G14,DEVO!$E:$E,0)-1,MATCH(L$1,DEVO!$1:$1,0)-6,1,7)),"") -> 0 | P14: =IF(TODAY()>=$S$1-6,SUM(OFFSET(ASISTENCIA!$E$1,MATCH($G14,ASISTENCIA!$E:$E,0)-1,MATCH(P$1,ASISTENCIA!$3:$3,0)-5,1,1)),"") -> 0 | Q14: =OFFSET(ASISTENCIA!$E$1,MATCH($G14,ASISTENCIA!$E:$E,0)-1,MATCH(Q$1,ASISTENCIA!$3:$3,0)-5,1,1) | R14: =OFFSET(ASISTENCIA!$E$1,MATCH($G14,ASISTENCIA!$E:$E,0)-1,MATCH(R$1,ASISTENCIA!$3:$3,0)-5,1,1) | S14: =IF(TODAY()>=$S$1-6,SUM(OFFSET(DEVO!$F$1,MATCH($G14,DEVO!$E:$E,0)-1,MATCH(P$1,DEVO!$1:$1,0)-6,1,7)),"") -> 0 | T14: =IF(TODAY()>=$W$1-6,SUM(OFFSET(ASISTENCIA!$E$1,MATCH($G14,ASISTENCIA!$E:$E,0)-1,MATCH(T$1,ASISTENCIA!$3:$3,0)-5,1,1)),"") -> 0 | U14: =OFFSET(ASISTENCIA!$E$1,MATCH($G14,ASISTENCIA!$E:$E,0)-1,MATCH(U$1,ASISTENCIA!$3:$3,0)-5,1,1) | V14: =OFFSET(ASISTENCIA!$E$1,MATCH($G14,ASISTENCIA!$E:$E,0)-1,MATCH(V$1,ASISTENCIA!$3:$3,0)-5,1,1) | W14: =IF(TODAY()>=$W$1-6,SUM(OFFSET(DEVO!$F$1,MATCH($G14,DEVO!$E:$E,0)-1,MATCH(T$1,DEVO!$1:$1,0)-6,1,7)),"") -> 0 | X14: =IF(TODAY()>=$AA$1-6,SUM(OFFSET(ASISTENCIA!$E$1,MATCH($G14,ASISTENCIA!$E:$E,0)-1,MATCH(X$1,ASISTENCIA!$3:$3,0)-5,1,1)),"") -> 0 | Y14: =OFFSET(ASISTENCIA!$E$1,MATCH($G14,ASISTENCIA!$E:$E,0)-1,MATCH(Y$1,ASISTENCIA!$3:$3,0)-5,1,1) | Z14: =OFFSET(ASISTENCIA!$E$1,MATCH($G14,ASISTENCIA!$E:$E,0)-1,MATCH(Z$1,ASISTENCIA!$3:$3,0)-5,1,1) | AA14: =IF(TODAY()>=$AA$1-6,SUM(OFFSET(DEVO!$F$1,MATCH($G14,DEVO!$E:$E,0)-1,MATCH(X$1,DEVO!$1:$1,0)-6,1,7)),"") -> 0 | AB14: =IF(TODAY()>=$AE$1-6,SUM(OFFSET(ASISTENCIA!$E$1,MATCH($G14,ASISTENCIA!$E:$E,0)-1,MATCH(AB$1,ASISTENCIA!$3:$3,0)-5,1,1)),"") -> 0 | AC14: =OFFSET(ASISTENCIA!$E$1,MATCH($G14,ASISTENCIA!$E:$E,0)-1,MATCH(AC$1,ASISTENCIA!$3:$3,0)-5,1,1) | AD14: =OFFSET(ASISTENCIA!$E$1,MATCH($G14,ASISTENCIA!$E:$E,0)-1,MATCH(AD$1,ASISTENCIA!$3:$3,0)-5,1,1) | AE14: =IF(TODAY()>=$AE$1-6,SUM(OFFSET(DEVO!$F$1,MATCH($G14,DEVO!$E:$E,0)-1,MATCH(AB$1,DEVO!$1:$1,0)-6,1,7)),"") -> 0 | AF14: =IF(TODAY()>=$AI$1-6,SUM(OFFSET(ASISTENCIA!$E$1,MATCH($G14,ASISTENCIA!$E:$E,0)-1,MATCH(AF$1,ASISTENCIA!$3:$3,0)-5,1,1)),"") -> 0 | AG14: =OFFSET(ASISTENCIA!$E$1,MATCH($G14,ASISTENCIA!$E:$E,0)-1,MATCH(AG$1,ASISTENCIA!$3:$3,0)-5,1,1) | AH14: =OFFSET(ASISTENCIA!$E$1,MATCH($G14,ASISTENCIA!$E:$E,0)-1,MATCH(AH$1,ASISTENCIA!$3:$3,0)-5,1,1) | AI14: =IF(TODAY()>=$AI$1-6,SUM(OFFSET(DEVO!$F$1,MATCH($G14,DEVO!$E:$E,0)-1,MATCH(AF$1,DEVO!$1:$1,0)-6,1,7)),"") -> 0 | AJ14: =IF(TODAY()>=$AM$1-6,SUM(OFFSET(ASISTENCIA!$E$1,MATCH($G14,ASISTENCIA!$E:$E,0)-1,MATCH(AJ$1,ASISTENCIA!$3:$3,0)-5,1,1)),"") -> 0 | AK14: =OFFSET(ASISTENCIA!$E$1,MATCH($G14,ASISTENCIA!$E:$E,0)-1,MATCH(AK$1,ASISTENCIA!$3:$3,0)-5,1,1) | AL14: =OFFSET(ASISTENCIA!$E$1,MATCH($G14,ASISTENCIA!$E:$E,0)-1,MATCH(AL$1,ASISTENCIA!$3:$3,0)-5,1,1) | AM14: =IF(TODAY()>=$AM$1-6,SUM(OFFSET(DEVO!$F$1,MATCH($G14,DEVO!$E:$E,0)-1,MATCH(AJ$1,DEVO!$1:$1,0)-6,1,7)),"") -> 0 | AN14: =IF(TODAY()>=$AQ$1-6,SUM(OFFSET(ASISTENCIA!$E$1,MATCH($G14,ASISTENCIA!$E:$E,0)-1,MATCH(AN$1,ASISTENCIA!$3:$3,0)-5,1,1)),"") -> 0 | AO14: =OFFSET(ASISTENCIA!$E$1,MATCH($G14,ASISTENCIA!$E:$E,0)-1,MATCH(AO$1,ASISTENCIA!$3:$3,0)-5,1,1) | AP14: =OFFSET(ASISTENCIA!$E$1,MATCH($G14,ASISTENCIA!$E:$E,0)-1,MATCH(AP$1,ASISTENCIA!$3:$3,0)-5,1,1) | AQ14: =IF(TODAY()>=$AQ$1-6,SUM(OFFSET(DEVO!$F$1,MATCH($G14,DEVO!$E:$E,0)-1,MATCH(AN$1,DEVO!$1:$1,0)-6,1,7)),"") -> 0 | AR14: =IF(TODAY()>=$AU$1-6,SUM(OFFSET(ASISTENCIA!$E$1,MATCH($G14,ASISTENCIA!$E:$E,0)-1,MATCH(AR$1,ASISTENCIA!$3:$3,0)-5,1,1)),"") -> 0 | AS14: =OFFSET(ASISTENCIA!$E$1,MATCH($G14,ASISTENCIA!$E:$E,0)-1,MATCH(AS$1,ASISTENCIA!$3:$3,0)-5,1,1) | AT14: =OFFSET(ASISTENCIA!$E$1,MATCH($G14,ASISTENCIA!$E:$E,0)-1,MATCH(AT$1,ASISTENCIA!$3:$3,0)-5,1,1) | AU14: =IF(TODAY()>=$AU$1-6,SUM(OFFSET(DEVO!$F$1,MATCH($G14,DEVO!$E:$E,0)-1,MATCH(AR$1,DEVO!$1:$1,0)-6,1,7)),"") -> 0 | AV14: =OFFSET(ASISTENCIA!$E$1,MATCH($G14,ASISTENCIA!$E:$E,0)-1,MATCH(AV$1,ASISTENCIA!$3:$3,0)-5,1,1) | AW14: =OFFSET(ASISTENCIA!$E$1,MATCH($G14,ASISTENCIA!$E:$E,0)-1,MATCH(AW$1,ASISTENCIA!$3:$3,0)-5,1,1) | AY14: =IF(TODAY()>=$O$1-6,COUNTIF(L14,">"&0)," ") -> 0 | AZ14: =IF(TODAY()>=$S$1-6,COUNTIF(P14,">"&0)," ") -> 0 | BA14: =IF(TODAY()>=$W$1-6,COUNTIF(T14,">"&0)," ") -> 0 | BB14: =IF(TODAY()>=$AA$1-6,COUNTIF(X14,">"&0)," ") -> 0 | BC14: =IF(TODAY()>=$AE$1-6,COUNTIF(AB14,">"&0)," ") -> 0 | BD14: =IF(TODAY()>=$AI$1-6,COUNTIF(AF14,">"&0)," ") -> 0 | BE14: =IF(TODAY()>=$AM$1-6,COUNTIF(AJ14,">"&0)," ") -> 0 | BF14: =IF(TODAY()>=$AQ$1-6,COUNTIF(AN14,">"&0)," ") -> 0 | BG14: =IF(TODAY()>=$AU$1-6,COUNTIF(AR14,">"&0)," ") -> 0 | BH14: =IFERROR(SUM(AY14:BG14)/$BJ$2,0)*10 -> 0 | BI14: =VLOOKUP(BH14,$BX$4:$BY$11,2,1) -> OBSERVADOS | BJ14: =IF(TODAY()>=$O$1-6,VLOOKUP(10*SUMPRODUCT($BJ$1:$BM$1,L14:O14)/MIN((TODAY()-$O$1+7),7),$BX$15:$BY$22,2,1)," ") -> OBSERVADOS | BK14: =IF(TODAY()>=$S$1-6,VLOOKUP(10*SUMPRODUCT($BJ$1:$BM$1,P14:S14)/MIN((TODAY()-$S$1+7),7),$BX$15:$BY$22,2,1)," ") -> OBSERVADOS | BL14: =IF(TODAY()>=$W$1-6,VLOOKUP(10*SUMPRODUCT($BJ$1:$BM$1,T14:W14)/MIN((TODAY()-$W$1+7),7),$BX$15:$BY$22,2,1)," ") -> OBSERVADOS | BM14: =IF(TODAY()>=$AA$1-6,VLOOKUP(10*SUMPRODUCT($BJ$1:$BM$1,X14:AA14)/MIN((TODAY()-$AA$1+7),7),$BX$15:$BY$22,2,1)," ") -> OBSERVADOS | BN14: =IF(TODAY()>=$AE$1-6,VLOOKUP(10*SUMPRODUCT($BJ$1:$BM$1,AB14:AE14)/MIN((TODAY()-$AE$1+7),7),$BX$15:$BY$22,2,1)," ") -> OBSERVADOS | BO14: =IF(TODAY()>=$AI$1-6,VLOOKUP(10*SUMPRODUCT($BJ$1:$BM$1,AF14:AI14)/MIN((TODAY()-$AI$1+7),7),$BX$15:$BY$22,2,1)," ") -> OBSERVADOS | BP14: =IF(TODAY()>=$AM$1-6,VLOOKUP(10*SUMPRODUCT($BJ$1:$BM$1,AJ14:AM14)/MIN((TODAY()-$AM$1+7),7),$BX$15:$BY$22,2,1)," ") -> OBSERVADOS | BQ14: =IF(TODAY()>=$AQ$1-6,VLOOKUP(10*SUMPRODUCT($BJ$1:$BM$1,AN14:AQ14)/MIN((TODAY()-$AQ$1+7),7),$BX$15:$BY$22,2,1)," ") -> OBSERVADOS | BR14: =IF(TODAY()>=$AU$1-6,VLOOKUP(10*SUMPRODUCT($BJ$1:$BM$1,AR14:AU14)/MIN((TODAY()-$AU$1+7),7),$BX$15:$BY$22,2,1)," ") -> OBSERVADOS | BS14: =OFFSET(ASISTENCIA!$E$1,MATCH($G14,ASISTENCIA!$E:$E,0)-1,MATCH(BS$1,ASISTENCIA!$3:$3,0)-5,1,1) -> No responde, solo dice "Gracias" y no contesta cuando se le llama | BT14: =OFFSET(ASISTENCIA!$E$1,MATCH($G14,ASISTENCIA!$E:$E,0)-1,MATCH(BT$1,ASISTENCIA!$3:$3,0)-5,1,1) | BU14: =OFFSET(ASISTENCIA!$E$1,MATCH($G14,ASISTENCIA!$E:$E,0)-1,MATCH(BU$1,ASISTENCIA!$3:$3,0)-5,1,1) | BV14: =OFFSET(ASISTENCIA!$E$1,MATCH($G14,ASISTENCIA!$E:$E,0)-1,MATCH(BV$1,ASISTENCIA!$3:$3,0)-5,1,1) | BY14: =IFERROR(__xludf.DUMMYFUNCTION("""COMPUTED_VALUE"""),"DEVOCIONAL") -> DEVOCIONAL
A15: =1+A14 -> 12 | B15: =IFERROR(__xludf.DUMMYFUNCTION("""COMPUTED_VALUE"""),"ANTIOQUIANOS") -> ANTIOQUIANOS | C15: =IFERROR(__xludf.DUMMYFUNCTION("""COMPUTED_VALUE"""),"AUDI ESTELA SAHUANAY HUISACAYNA") -> AUDI ESTELA SAHUANAY HUISACAYNA | D15: =IFERROR(__xludf.DUMMYFUNCTION("""COMPUTED_VALUE"""),"ESC.LID-0268") -> ESC.LID-0268 | E15: =IFERROR(__xludf.DUMMYFUNCTION("""COMPUTED_VALUE"""),"C2133") -> C2133 | F15: =IFERROR(__xludf.DUMMYFUNCTION("""COMPUTED_VALUE"""),"REYES RUIZ, MARIBEL MERCEDES") -> REYES RUIZ, MARIBEL MERCEDES | G15: =IFERROR(__xludf.DUMMYFUNCTION("""COMPUTED_VALUE"""),"07245185") -> 07245185 | H15: =IFERROR(__xludf.DUMMYFUNCTION("""COMPUTED_VALUE"""),"927965919") -> 927965919 | J15: =DEVO!F16 -> 28247 | K15: =IF(I15>0,I15,J15) -> 28247 | L15: =IF(TODAY()>=$O$1-6,SUM(OFFSET(ASISTENCIA!$E$1,MATCH($G15,ASISTENCIA!$E:$E,0)-1,MATCH(L$1,ASISTENCIA!$3:$3,0)-5,1,1)),"") -> 4 | M15: =OFFSET(ASISTENCIA!$E$1,MATCH($G15,ASISTENCIA!$E:$E,0)-1,MATCH(M$1,ASISTENCIA!$3:$3,0)-5,1,1) | N15: =OFFSET(ASISTENCIA!$E$1,MATCH($G15,ASISTENCIA!$E:$E,0)-1,MATCH(N$1,ASISTENCIA!$3:$3,0)-5,1,1) -> 2 | O15: =IF(TODAY()>=$O$1-6,SUM(OFFSET(DEVO!$F$1,MATCH($G15,DEVO!$E:$E,0)-1,MATCH(L$1,DEVO!$1:$1,0)-6,1,7)),"") -> 7 | P15: =IF(TODAY()>=$S$1-6,SUM(OFFSET(ASISTENCIA!$E$1,MATCH($G15,ASISTENCIA!$E:$E,0)-1,MATCH(P$1,ASISTENCIA!$3:$3,0)-5,1,1)),"") -> 4 | Q15: =OFFSET(ASISTENCIA!$E$1,MATCH($G15,ASISTENCIA!$E:$E,0)-1,MATCH(Q$1,ASISTENCIA!$3:$3,0)-5,1,1) -> 2 | R15: =OFFSET(ASISTENCIA!$E$1,MATCH($G15,ASISTENCIA!$E:$E,0)-1,MATCH(R$1,ASISTENCIA!$3:$3,0)-5,1,1) -> 2 | S15: =IF(TODAY()>=$S$1-6,SUM(OFFSET(DEVO!$F$1,MATCH($G15,DEVO!$E:$E,0)-1,MATCH(P$1,DEVO!$1:$1,0)-6,1,7)),"") -> 7 | T15: =IF(TODAY()>=$W$1-6,SUM(OFFSET(ASISTENCIA!$E$1,MATCH($G15,ASISTENCIA!$E:$E,0)-1,MATCH(T$1,ASISTENCIA!$3:$3,0)-5,1,1)),"") -> 4 | U15: =OFFSET(ASISTENCIA!$E$1,MATCH($G15,ASISTENCIA!$E:$E,0)-1,MATCH(U$1,ASISTENCIA!$3:$3,0)-5,1,1) | V15: =OFFSET(ASISTENCIA!$E$1,MATCH($G15,ASISTENCIA!$E:$E,0)-1,MATCH(V$1,ASISTENCIA!$3:$3,0)-5,1,1) -> 2 | W15: =IF(TODAY()>=$W$1-6,SUM(OFFSET(DEVO!$F$1,MATCH($G15,DEVO!$E:$E,0)-1,MATCH(T$1,DEVO!$1:$1,0)-6,1,7)),"") -> 7 | X15: =IF(TODAY()>=$AA$1-6,SUM(OFFSET(ASISTENCIA!$E$1,MATCH($G15,ASISTENCIA!$E:$E,0)-1,MATCH(X$1,ASISTENCIA!$3:$3,0)-5,1,1)),"") -> 4 | Y15: =OFFSET(ASISTENCIA!$E$1,MATCH($G15,ASISTENCIA!$E:$E,0)-1,MATCH(Y$1,ASISTENCIA!$3:$3,0)-5,1,1) | Z15: =OFFSET(ASISTENCIA!$E$1,MATCH($G15,ASISTENCIA!$E:$E,0)-1,MATCH(Z$1,ASISTENCIA!$3:$3,0)-5,1,1) -> 1 | AA15: =IF(TODAY()>=$AA$1-6,SUM(OFFSET(DEVO!$F$1,MATCH($G15,DEVO!$E:$E,0)-1,MATCH(X$1,DEVO!$1:$1,0)-6,1,7)),"") -> 7 | AB15: =IF(TODAY()>=$AE$1-6,SUM(OFFSET(ASISTENCIA!$E$1,MATCH($G15,ASISTENCIA!$E:$E,0)-1,MATCH(AB$1,ASISTENCIA!$3:$3,0)-5,1,1)),"") -> 4 | AC15: =OFFSET(ASISTENCIA!$E$1,MATCH($G15,ASISTENCIA!$E:$E,0)-1,MATCH(AC$1,ASISTENCIA!$3:$3,0)-5,1,1) | AD15: =OFFSET(ASISTENCIA!$E$1,MATCH($G15,ASISTENCIA!$E:$E,0)-1,MATCH(AD$1,ASISTENCIA!$3:$3,0)-5,1,1) -> 2 | AE15: =IF(TODAY()>=$AE$1-6,SUM(OFFSET(DEVO!$F$1,MATCH($G15,DEVO!$E:$E,0)-1,MATCH(AB$1,DEVO!$1:$1,0)-6,1,7)),"") -> 7 | AF15: =IF(TODAY()>=$AI$1-6,SUM(OFFSET(ASISTENCIA!$E$1,MATCH($G15,ASISTENCIA!$E:$E,0)-1,MATCH(AF$1,ASISTENCIA!$3:$3,0)-5,1,1)),"") -> 1 | AG15: =OFFSET(ASISTENCIA!$E$1,MATCH($G15,ASISTENCIA!$E:$E,0)-1,MATCH(AG$1,ASISTENCIA!$3:$3,0)-5,1,1) | AH15: =OFFSET(ASISTENCIA!$E$1,MATCH($G15,ASISTENCIA!$E:$E,0)-1,MATCH(AH$1,ASISTENCIA!$3:$3,0)-5,1,1) -> 2 | AI15: =IF(TODAY()>=$AI$1-6,SUM(OFFSET(DEVO!$F$1,MATCH($G15,DEVO!$E:$E,0)-1,MATCH(AF$1,DEVO!$1:$1,0)-6,1,7)),"") -> 7 | AJ15: =IF(TODAY()>=$AM$1-6,SUM(OFFSET(ASISTENCIA!$E$1,MATCH($G15,ASISTENCIA!$E:$E,0)-1,MATCH(AJ$1,ASISTENCIA!$3:$3,0)-5,1,1)),"") -> 1 | AK15: =OFFSET(ASISTENCIA!$E$1,MATCH($G15,ASISTENCIA!$E:$E,0)-1,MATCH(AK$1,ASISTENCIA!$3:$3,0)-5,1,1) | AL15: =OFFSET(ASISTENCIA!$E$1,MATCH($G15,ASISTENCIA!$E:$E,0)-1,MATCH(AL$1,ASISTENCIA!$3:$3,0)-5,1,1) -> 2 | AM15: =IF(TODAY()>=$AM$1-6,SUM(OFFSET(DEVO!$F$1,MATCH($G15,DEVO!$E:$E,0)-1,MATCH(AJ$1,DEVO!$1:$1,0)-6,1,7)),"") -> 7 | AN15: =IF(TODAY()>=$AQ$1-6,SUM(OFFSET(ASISTENCIA!$E$1,MATCH($G15,ASISTENCIA!$E:$E,0)-1,MATCH(AN$1,ASISTENCIA!$3:$3,0)-5,1,1)),"") -> 1 | AO15: =OFFSET(ASISTENCIA!$E$1,MATCH($G15,ASISTENCIA!$E:$E,0)-1,MATCH(AO$1,ASISTENCIA!$3:$3,0)-5,1,1) | AP15: =OFFSET(ASISTENCIA!$E$1,MATCH($G15,ASISTENCIA!$E:$E,0)-1,MATCH(AP$1,ASISTENCIA!$3:$3,0)-5,1,1) -> 2 | AQ15: =IF(TODAY()>=$AQ$1-6,SUM(OFFSET(DEVO!$F$1,MATCH($G15,DEVO!$E:$E,0)-1,MATCH(AN$1,DEVO!$1:$1,0)-6,1,7)),"") -> 7 | AR15: =IF(TODAY()>=$AU$1-6,SUM(OFFSET(ASISTENCIA!$E$1,MATCH($G15,ASISTENCIA!$E:$E,0)-1,MATCH(AR$1,ASISTENCIA!$3:$3,0)-5,1,1)),"") -> 3 | AS15: =OFFSET(ASISTENCIA!$E$1,MATCH($G15,ASISTENCIA!$E:$E,0)-1,MATCH(AS$1,ASISTENCIA!$3:$3,0)-5,1,1) | AT15: =OFFSET(ASISTENCIA!$E$1,MATCH($G15,ASISTENCIA!$E:$E,0)-1,MATCH(AT$1,ASISTENCIA!$3:$3,0)-5,1,1) -> 2 | AU15: =IF(TODAY()>=$AU$1-6,SUM(OFFSET(DEVO!$F$1,MATCH($G15,DEVO!$E:$E,0)-1,MATCH(AR$1,DEVO!$1:$1,0)-6,1,7)),"") -> 4 | AV15: =OFFSET(ASISTENCIA!$E$1,MATCH($G15,ASISTENCIA!$E:$E,0)-1,MATCH(AV$1,ASISTENCIA!$3:$3,0)-5,1,1) -> 19 | AW15: =OFFSET(ASISTENCIA!$E$1,MATCH($G15,ASISTENCIA!$E:$E,0)-1,MATCH(AW$1,ASISTENCIA!$3:$3,0)-5,1,1) -> 20 | AY15: =IF(TODAY()>=$O$1-6,COUNTIF(L15,">"&0)," ") -> 1 | AZ15: =IF(TODAY()>=$S$1-6,COUNTIF(P15,">"&0)," ") -> 1 | BA15: =IF(TODAY()>=$W$1-6,COUNTIF(T15,">"&0)," ") -> 1 | BB15: =IF(TODAY()>=$AA$1-6,COUNTIF(X15,">"&0)," ") -> 1 | BC15: =IF(TODAY()>=$AE$1-6,COUNTIF(AB15,">"&0)," ") -> 1 | BD15: =IF(TODAY()>=$AI$1-6,COUNTIF(AF15,">"&0)," ") -> 1 | BE15: =IF(TODAY()>=$AM$1-6,COUNTIF(AJ15,">"&0)," ") -> 1 | BF15: =IF(TODAY()>=$AQ$1-6,COUNTIF(AN15,">"&0)," ") -> 1 | BG15: =IF(TODAY()>=$AU$1-6,COUNTIF(AR15,">"&0)," ") -> 1 | BH15: =IFERROR(SUM(AY15:BG15)/$BJ$2,0)*10 -> 10 | BI15: =VLOOKUP(BH15,$BX$4:$BY$11,2,1) -> EXCELENTES | BJ15: =IF(TODAY()>=$O$1-6,VLOOKUP(10*SUMPRODUCT($BJ$1:$BM$1,L15:O15)/MIN((TODAY()-$O$1+7),7),$BX$15:$BY$22,2,1)," ") -> EXCELENTES | BK15: =IF(TODAY()>=$S$1-6,VLOOKUP(10*SUMPRODUCT($BJ$1:$BM$1,P15:S15)/MIN((TODAY()-$S$1+7),7),$BX$15:$BY$22,2,1)," ") -> EXCELENTES | BL15: =IF(TODAY()>=$W$1-6,VLOOKUP(10*SUMPRODUCT($BJ$1:$BM$1,T15:W15)/MIN((TODAY()-$W$1+7),7),$BX$15:$BY$22,2,1)," ") -> EXCELENTES | BM15: =IF(TODAY()>=$AA$1-6,VLOOKUP(10*SUMPRODUCT($BJ$1:$BM$1,X15:AA15)/MIN((TODAY()-$AA$1+7),7),$BX$15:$BY$22,2,1)," ") -> EXCELENTES | BN15: =IF(TODAY()>=$AE$1-6,VLOOKUP(10*SUMPRODUCT($BJ$1:$BM$1,AB15:AE15)/MIN((TODAY()-$AE$1+7),7),$BX$15:$BY$22,2,1)," ") -> EXCELENTES | BO15: =IF(TODAY()>=$AI$1-6,VLOOKUP(10*SUMPRODUCT($BJ$1:$BM$1,AF15:AI15)/MIN((TODAY()-$AI$1+7),7),$BX$15:$BY$22,2,1)," ") -> EXCELENTES | BP15: =IF(TODAY()>=$AM$1-6,VLOOKUP(10*SUMPRODUCT($BJ$1:$BM$1,AJ15:AM15)/MIN((TODAY()-$AM$1+7),7),$BX$15:$BY$22,2,1)," ") -> EXCELENTES | BQ15: =IF(TODAY()>=$AQ$1-6,VLOOKUP(10*SUMPRODUCT($BJ$1:$BM$1,AN15:AQ15)/MIN((TODAY()-$AQ$1+7),7),$BX$15:$BY$22,2,1)," ") -> EXCELENTES | BR15: =IF(TODAY()>=$AU$1-6,VLOOKUP(10*SUMPRODUCT($BJ$1:$BM$1,AR15:AU15)/MIN((TODAY()-$AU$1+7),7),$BX$15:$BY$22,2,1)," ") -> REGULARES | BS15: =OFFSET(ASISTENCIA!$E$1,MATCH($G15,ASISTENCIA!$E:$E,0)-1,MATCH(BS$1,ASISTENCIA!$3:$3,0)-5,1,1) | BT15: =OFFSET(ASISTENCIA!$E$1,MATCH($G15,ASISTENCIA!$E:$E,0)-1,MATCH(BT$1,ASISTENCIA!$3:$3,0)-5,1,1) -> Katerine Salas | BU15: =OFFSET(ASISTENCIA!$E$1,MATCH($G15,ASISTENCIA!$E:$E,0)-1,MATCH(BU$1,ASISTENCIA!$3:$3,0)-5,1,1) -> 950198680 | BV15: =OFFSET(ASISTENCIA!$E$1,MATCH($G15,ASISTENCIA!$E:$E,0)-1,MATCH(BV$1,ASISTENCIA!$3:$3,0)-5,1,1) | BX15: =IFERROR(__xludf.DUMMYFUNCTION("""COMPUTED_VALUE"""),0.0) -> 0 | BY15: =IFERROR(__xludf.DUMMYFUNCTION("""COMPUTED_VALUE"""),"OBSERVADOS") -> OBSERVADOS
A16: =1+A15 -> 13 | B16: =IFERROR(__xludf.DUMMYFUNCTION("""COMPUTED_VALUE"""),"ANTIOQUIANOS") -> ANTIOQUIANOS | C16: =IFERROR(__xludf.DUMMYFUNCTION("""COMPUTED_VALUE"""),"AUDI ESTELA SAHUANAY HUISACAYNA") -> AUDI ESTELA SAHUANAY HUISACAYNA | D16: =IFERROR(__xludf.DUMMYFUNCTION("""COMPUTED_VALUE"""),"ESC.LID-0271") -> ESC.LID-0271 | E16: =IFERROR(__xludf.DUMMYFUNCTION("""COMPUTED_VALUE"""),"C2137") -> C2137 | F16: =IFERROR(__xludf.DUMMYFUNCTION("""COMPUTED_VALUE"""),"RIVAS ALVAREZ, CARMEN ") -> RIVAS ALVAREZ, CARMEN | G16: =IFERROR(__xludf.DUMMYFUNCTION("""COMPUTED_VALUE"""),"10214646") -> 10214646 | H16: =IFERROR(__xludf.DUMMYFUNCTION("""COMPUTED_VALUE"""),"961877000") -> 961877000 | I16: =IFERROR(__xludf.DUMMYFUNCTION("""COMPUTED_VALUE"""),27508.0) -> 27508 | J16: =DEVO!F17 -> 27508 | K16: =IF(I16>0,I16,J16) -> 27508 | L16: =IF(TODAY()>=$O$1-6,SUM(OFFSET(ASISTENCIA!$E$1,MATCH($G16,ASISTENCIA!$E:$E,0)-1,MATCH(L$1,ASISTENCIA!$3:$3,0)-5,1,1)),"") -> 1 | M16: =OFFSET(ASISTENCIA!$E$1,MATCH($G16,ASISTENCIA!$E:$E,0)-1,MATCH(M$1,ASISTENCIA!$3:$3,0)-5,1,1) | N16: =OFFSET(ASISTENCIA!$E$1,MATCH($G16,ASISTENCIA!$E:$E,0)-1,MATCH(N$1,ASISTENCIA!$3:$3,0)-5,1,1) | O16: =IF(TODAY()>=$O$1-6,SUM(OFFSET(DEVO!$F$1,MATCH($G16,DEVO!$E:$E,0)-1,MATCH(L$1,DEVO!$1:$1,0)-6,1,7)),"") -> 0 | P16: =IF(TODAY()>=$S$1-6,SUM(OFFSET(ASISTENCIA!$E$1,MATCH($G16,ASISTENCIA!$E:$E,0)-1,MATCH(P$1,ASISTENCIA!$3:$3,0)-5,1,1)),"") -> 1 | Q16: =OFFSET(ASISTENCIA!$E$1,MATCH($G16,ASISTENCIA!$E:$E,0)-1,MATCH(Q$1,ASISTENCIA!$3:$3,0)-5,1,1) | R16: =OFFSET(ASISTENCIA!$E$1,MATCH($G16,ASISTENCIA!$E:$E,0)-1,MATCH(R$1,ASISTENCIA!$3:$3,0)-5,1,1) | S16: =IF(TODAY()>=$S$1-6,SUM(OFFSET(DEVO!$F$1,MATCH($G16,DEVO!$E:$E,0)-1,MATCH(P$1,DEVO!$1:$1,0)-6,1,7)),"") -> 0 | T16: =IF(TODAY()>=$W$1-6,SUM(OFFSET(ASISTENCIA!$E$1,MATCH($G16,ASISTENCIA!$E:$E,0)-1,MATCH(T$1,ASISTENCIA!$3:$3,0)-5,1,1)),"") -> 1 | U16: =OFFSET(ASISTENCIA!$E$1,MATCH($G16,ASISTENCIA!$E:$E,0)-1,MATCH(U$1,ASISTENCIA!$3:$3,0)-5,1,1) | V16: =OFFSET(ASISTENCIA!$E$1,MATCH($G16,ASISTENCIA!$E:$E,0)-1,MATCH(V$1,ASISTENCIA!$3:$3,0)-5,1,1) | W16: =IF(TODAY()>=$W$1-6,SUM(OFFSET(DEVO!$F$1,MATCH($G16,DEVO!$E:$E,0)-1,MATCH(T$1,DEVO!$1:$1,0)-6,1,7)),"") -> 0 | X16: =IF(TODAY()>=$AA$1-6,SUM(OFFSET(ASISTENCIA!$E$1,MATCH($G16,ASISTENCIA!$E:$E,0)-1,MATCH(X$1,ASISTENCIA!$3:$3,0)-5,1,1)),"") -> 0 | Y16: =OFFSET(ASISTENCIA!$E$1,MATCH($G16,ASISTENCIA!$E:$E,0)-1,MATCH(Y$1,ASISTENCIA!$3:$3,0)-5,1,1) | Z16: =OFFSET(ASISTENCIA!$E$1,MATCH($G16,ASISTENCIA!$E:$E,0)-1,MATCH(Z$1,ASISTENCIA!$3:$3,0)-5,1,1) | AA16: =IF(TODAY()>=$AA$1-6,SUM(OFFSET(DEVO!$F$1,MATCH($G16,DEVO!$E:$E,0)-1,MATCH(X$1,DEVO!$1:$1,0)-6,1,7)),"") -> 0 | AB16: =IF(TODAY()>=$AE$1-6,SUM(OFFSET(ASISTENCIA!$E$1,MATCH($G16,ASISTENCIA!$E:$E,0)-1,MATCH(AB$1,ASISTENCIA!$3:$3,0)-5,1,1)),"") -> 0 | AC16: =OFFSET(ASISTENCIA!$E$1,MATCH($G16,ASISTENCIA!$E:$E,0)-1,MATCH(AC$1,ASISTENCIA!$3:$3,0)-5,1,1) | AD16: =OFFSET(ASISTENCIA!$E$1,MATCH($G16,ASISTENCIA!$E:$E,0)-1,MATCH(AD$1,ASISTENCIA!$3:$3,0)-5,1,1) | AE16: =IF(TODAY()>=$AE$1-6,SUM(OFFSET(DEVO!$F$1,MATCH($G16,DEVO!$E:$E,0)-1,MATCH(AB$1,DEVO!$1:$1,0)-6,1,7)),"") -> 0 | AF16: =IF(TODAY()>=$AI$1-6,SUM(OFFSET(ASISTENCIA!$E$1,MATCH($G16,ASISTENCIA!$E:$E,0)-1,MATCH(AF$1,ASISTENCIA!$3:$3,0)-5,1,1)),"") -> 0 | AG16: =OFFSET(ASISTENCIA!$E$1,MATCH($G16,ASISTENCIA!$E:$E,0)-1,MATCH(AG$1,ASISTENCIA!$3:$3,0)-5,1,1) | AH16: =OFFSET(ASISTENCIA!$E$1,MATCH($G16,ASISTENCIA!$E:$E,0)-1,MATCH(AH$1,ASISTENCIA!$3:$3,0)-5,1,1) | AI16: =IF(TODAY()>=$AI$1-6,SUM(OFFSET(DEVO!$F$1,MATCH($G16,DEVO!$E:$E,0)-1,MATCH(AF$1,DEVO!$1:$1,0)-6,1,7)),"") -> 0 | AJ16: =IF(TODAY()>=$AM$1-6,SUM(OFFSET(ASISTENCIA!$E$1,MATCH($G16,ASISTENCIA!$E:$E,0)-1,MATCH(AJ$1,ASISTENCIA!$3:$3,0)-5,1,1)),"") -> 0 | AK16: =OFFSET(ASISTENCIA!$E$1,MATCH($G16,ASISTENCIA!$E:$E,0)-1,MATCH(AK$1,ASISTENCIA!$3:$3,0)-5,1,1) | AL16: =OFFSET(ASISTENCIA!$E$1,MATCH($G16,ASISTENCIA!$E:$E,0)-1,MATCH(AL$1,ASISTENCIA!$3:$3,0)-5,1,1) | AM16: =IF(TODAY()>=$AM$1-6,SUM(OFFSET(DEVO!$F$1,MATCH($G16,DEVO!$E:$E,0)-1,MATCH(AJ$1,DEVO!$1:$1,0)-6,1,7)),"") -> 0 | AN16: =IF(TODAY()>=$AQ$1-6,SUM(OFFSET(ASISTENCIA!$E$1,MATCH($G16,ASISTENCIA!$E:$E,0)-1,MATCH(AN$1,ASISTENCIA!$3:$3,0)-5,1,1)),"") -> 0 | AO16: =OFFSET(ASISTENCIA!$E$1,MATCH($G16,ASISTENCIA!$E:$E,0)-1,MATCH(AO$1,ASISTENCIA!$3:$3,0)-5,1,1) | AP16: =OFFSET(ASISTENCIA!$E$1,MATCH($G16,ASISTENCIA!$E:$E,0)-1,MATCH(AP$1,ASISTENCIA!$3:$3,0)-5,1,1) | AQ16: =IF(TODAY()>=$AQ$1-6,SUM(OFFSET(DEVO!$F$1,MATCH($G16,DEVO!$E:$E,0)-1,MATCH(AN$1,DEVO!$1:$1,0)-6,1,7)),"") -> 0 | AR16: =IF(TODAY()>=$AU$1-6,SUM(OFFSET(ASISTENCIA!$E$1,MATCH($G16,ASISTENCIA!$E:$E,0)-1,MATCH(AR$1,ASISTENCIA!$3:$3,0)-5,1,1)),"") -> 0 | AS16: =OFFSET(ASISTENCIA!$E$1,MATCH($G16,ASISTENCIA!$E:$E,0)-1,MATCH(AS$1,ASISTENCIA!$3:$3,0)-5,1,1) | AT16: =OFFSET(ASISTENCIA!$E$1,MATCH($G16,ASISTENCIA!$E:$E,0)-1,MATCH(AT$1,ASISTENCIA!$3:$3,0)-5,1,1) | AU16: =IF(TODAY()>=$AU$1-6,SUM(OFFSET(DEVO!$F$1,MATCH($G16,DEVO!$E:$E,0)-1,MATCH(AR$1,DEVO!$1:$1,0)-6,1,7)),"") -> 0 | AV16: =OFFSET(ASISTENCIA!$E$1,MATCH($G16,ASISTENCIA!$E:$E,0)-1,MATCH(AV$1,ASISTENCIA!$3:$3,0)-5,1,1) | AW16: =OFFSET(ASISTENCIA!$E$1,MATCH($G16,ASISTENCIA!$E:$E,0)-1,MATCH(AW$1,ASISTENCIA!$3:$3,0)-5,1,1) | AY16: =IF(TODAY()>=$O$1-6,COUNTIF(L16,">"&0)," ") -> 1 | AZ16: =IF(TODAY()>=$S$1-6,COUNTIF(P16,">"&0)," ") -> 1 | BA16: =IF(TODAY()>=$W$1-6,COUNTIF(T16,">"&0)," ") -> 1 | BB16: =IF(TODAY()>=$AA$1-6,COUNTIF(X16,">"&0)," ") -> 0 | BC16: =IF(TODAY()>=$AE$1-6,COUNTIF(AB16,">"&0)," ") -> 0 | BD16: =IF(TODAY()>=$AI$1-6,COUNTIF(AF16,">"&0)," ") -> 0 | BE16: =IF(TODAY()>=$AM$1-6,COUNTIF(AJ16,">"&0)," ") -> 0 | BF16: =IF(TODAY()>=$AQ$1-6,COUNTIF(AN16,">"&0)," ") -> 0 | BG16: =IF(TODAY()>=$AU$1-6,COUNTIF(AR16,">"&0)," ") -> 0 | BH16: =IFERROR(SUM(AY16:BG16)/$BJ$2,0)*10 -> 3.3333333 | BI16: =VLOOKUP(BH16,$BX$4:$BY$11,2,1) -> OBSERVADOS | BJ16: =IF(TODAY()>=$O$1-6,VLOOKUP(10*SUMPRODUCT($BJ$1:$BM$1,L16:O16)/MIN((TODAY()-$O$1+7),7),$BX$15:$BY$22,2,1)," ") -> OBSERVADOS | BK16: =IF(TODAY()>=$S$1-6,VLOOKUP(10*SUMPRODUCT($BJ$1:$BM$1,P16:S16)/MIN((TODAY()-$S$1+7),7),$BX$15:$BY$22,2,1)," ") -> OBSERVADOS | BL16: =IF(TODAY()>=$W$1-6,VLOOKUP(10*SUMPRODUCT($BJ$1:$BM$1,T16:W16)/MIN((TODAY()-$W$1+7),7),$BX$15:$BY$22,2,1)," ") -> OBSERVADOS | BM16: =IF(TODAY()>=$AA$1-6,VLOOKUP(10*SUMPRODUCT($BJ$1:$BM$1,X16:AA16)/MIN((TODAY()-$AA$1+7),7),$BX$15:$BY$22,2,1)," ") -> OBSERVADOS | BN16: =IF(TODAY()>=$AE$1-6,VLOOKUP(10*SUMPRODUCT($BJ$1:$BM$1,AB16:AE16)/MIN((TODAY()-$AE$1+7),7),$BX$15:$BY$22,2,1)," ") -> OBSERVADOS | BO16: =IF(TODAY()>=$AI$1-6,VLOOKUP(10*SUMPRODUCT($BJ$1:$BM$1,AF16:AI16)/MIN((TODAY()-$AI$1+7),7),$BX$15:$BY$22,2,1)," ") -> OBSERVADOS | BP16: =IF(TODAY()>=$AM$1-6,VLOOKUP(10*SUMPRODUCT($BJ$1:$BM$1,AJ16:AM16)/MIN((TODAY()-$AM$1+7),7),$BX$15:$BY$22,2,1)," ") -> OBSERVADOS | BQ16: =IF(TODAY()>=$AQ$1-6,VLOOKUP(10*SUMPRODUCT($BJ$1:$BM$1,AN16:AQ16)/MIN((TODAY()-$AQ$1+7),7),$BX$15:$BY$22,2,1)," ") -> OBSERVADOS | BR16: =IF(TODAY()>=$AU$1-6,VLOOKUP(10*SUMPRODUCT($BJ$1:$BM$1,AR16:AU16)/MIN((TODAY()-$AU$1+7),7),$BX$15:$BY$22,2,1)," ") -> OBSERVADOS | BS16: =OFFSET(ASISTENCIA!$E$1,MATCH($G16,ASISTENCIA!$E:$E,0)-1,MATCH(BS$1,ASISTENCIA!$3:$3,0)-5,1,1) | BT16: =OFFSET(ASISTENCIA!$E$1,MATCH($G16,ASISTENCIA!$E:$E,0)-1,MATCH(BT$1,ASISTENCIA!$3:$3,0)-5,1,1) -> Janet López Escobar | BU16: =OFFSET(ASISTENCIA!$E$1,MATCH($G16,ASISTENCIA!$E:$E,0)-1,MATCH(BU$1,ASISTENCIA!$3:$3,0)-5,1,1) -> 961852035 | BV16: =OFFSET(ASISTENCIA!$E$1,MATCH($G16,ASISTENCIA!$E:$E,0)-1,MATCH(BV$1,ASISTENCIA!$3:$3,0)-5,1,1) | BX16: =IFERROR(__xludf.DUMMYFUNCTION("""COMPUTED_VALUE"""),3.5714285714285716) -> 3.5714286 | BY16: =IFERROR(__xludf.DUMMYFUNCTION("""COMPUTED_VALUE"""),"OBSERVADOS") -> OBSERVADOS
A17: =1+A16 -> 14 | B17: =IFERROR(__xludf.DUMMYFUNCTION("""COMPUTED_VALUE"""),"ANTIOQUIANOS") -> ANTIOQUIANOS | C17: =IFERROR(__xludf.DUMMYFUNCTION("""COMPUTED_VALUE"""),"AUDI ESTELA SAHUANAY HUISACAYNA") -> AUDI ESTELA SAHUANAY HUISACAYNA | D17: =IFERROR(__xludf.DUMMYFUNCTION("""COMPUTED_VALUE"""),"ESC.LID-0274") -> ESC.LID-0274 | E17: =IFERROR(__xludf.DUMMYFUNCTION("""COMPUTED_VALUE"""),"C213B2") -> C213B2 | F17: =IFERROR(__xludf.DUMMYFUNCTION("""COMPUTED_VALUE"""),"ROJAS MORALES, GIANELLA") -> ROJAS MORALES, GIANELLA | G17: =IFERROR(__xludf.DUMMYFUNCTION("""COMPUTED_VALUE"""),"74971204") -> 74971204 | H17: =IFERROR(__xludf.DUMMYFUNCTION("""COMPUTED_VALUE"""),"904523692") -> 904523692 | I17: =IFERROR(__xludf.DUMMYFUNCTION("""COMPUTED_VALUE"""),36820.0) -> 36820 | J17: =DEVO!F18 -> 36820 | K17: =IF(I17>0,I17,J17) -> 36820 | L17: =IF(TODAY()>=$O$1-6,SUM(OFFSET(ASISTENCIA!$E$1,MATCH($G17,ASISTENCIA!$E:$E,0)-1,MATCH(L$1,ASISTENCIA!$3:$3,0)-5,1,1)),"") -> 0 | M17: =OFFSET(ASISTENCIA!$E$1,MATCH($G17,ASISTENCIA!$E:$E,0)-1,MATCH(M$1,ASISTENCIA!$3:$3,0)-5,1,1) | N17: =OFFSET(ASISTENCIA!$E$1,MATCH($G17,ASISTENCIA!$E:$E,0)-1,MATCH(N$1,ASISTENCIA!$3:$3,0)-5,1,1) | O17: =IF(TODAY()>=$O$1-6,SUM(OFFSET(DEVO!$F$1,MATCH($G17,DEVO!$E:$E,0)-1,MATCH(L$1,DEVO!$1:$1,0)-6,1,7)),"") -> 0 | P17: =IF(TODAY()>=$S$1-6,SUM(OFFSET(ASISTENCIA!$E$1,MATCH($G17,ASISTENCIA!$E:$E,0)-1,MATCH(P$1,ASISTENCIA!$3:$3,0)-5,1,1)),"") -> 0 | Q17: =OFFSET(ASISTENCIA!$E$1,MATCH($G17,ASISTENCIA!$E:$E,0)-1,MATCH(Q$1,ASISTENCIA!$3:$3,0)-5,1,1) | R17: =OFFSET(ASISTENCIA!$E$1,MATCH($G17,ASISTENCIA!$E:$E,0)-1,MATCH(R$1,ASISTENCIA!$3:$3,0)-5,1,1) | S17: =IF(TODAY()>=$S$1-6,SUM(OFFSET(DEVO!$F$1,MATCH($G17,DEVO!$E:$E,0)-1,MATCH(P$1,DEVO!$1:$1,0)-6,1,7)),"") -> 0 | T17: =IF(TODAY()>=$W$1-6,SUM(OFFSET(ASISTENCIA!$E$1,MATCH($G17,ASISTENCIA!$E:$E,0)-1,MATCH(T$1,ASISTENCIA!$3:$3,0)-5,1,1)),"") -> 0 | U17: =OFFSET(ASISTENCIA!$E$1,MATCH($G17,ASISTENCIA!$E:$E,0)-1,MATCH(U$1,ASISTENCIA!$3:$3,0)-5,1,1) | V17: =OFFSET(ASISTENCIA!$E$1,MATCH($G17,ASISTENCIA!$E:$E,0)-1,MATCH(V$1,ASISTENCIA!$3:$3,0)-5,1,1) | W17: =IF(TODAY()>=$W$1-6,SUM(OFFSET(DEVO!$F$1,MATCH($G17,DEVO!$E:$E,0)-1,MATCH(T$1,DEVO!$1:$1,0)-6,1,7)),"") -> 0 | X17: =IF(TODAY()>=$AA$1-6,SUM(OFFSET(ASISTENCIA!$E$1,MATCH($G17,ASISTENCIA!$E:$E,0)-1,MATCH(X$1,ASISTENCIA!$3:$3,0)-5,1,1)),"") -> 0 | Y17: =OFFSET(ASISTENCIA!$E$1,MATCH($G17,ASISTENCIA!$E:$E,0)-1,MATCH(Y$1,ASISTENCIA!$3:$3,0)-5,1,1) | Z17: =OFFSET(ASISTENCIA!$E$1,MATCH($G17,ASISTENCIA!$E:$E,0)-1,MATCH(Z$1,ASISTENCIA!$3:$3,0)-5,1,1) | AA17: =IF(TODAY()>=$AA$1-6,SUM(OFFSET(DEVO!$F$1,MATCH($G17,DEVO!$E:$E,0)-1,MATCH(X$1,DEVO!$1:$1,0)-6,1,7)),"") -> 1 | AB17: =IF(TODAY()>=$AE$1-6,SUM(OFFSET(ASISTENCIA!$E$1,MATCH($G17,ASISTENCIA!$E:$E,0)-1,MATCH(AB$1,ASISTENCIA!$3:$3,0)-5,1,1)),"") -> 0 | AC17: =OFFSET(ASISTENCIA!$E$1,MATCH($G17,ASISTENCIA!$E:$E,0)-1,MATCH(AC$1,ASISTENCIA!$3:$3,0)-5,1,1) | AD17: =OFFSET(ASISTENCIA!$E$1,MATCH($G17,ASISTENCIA!$E:$E,0)-1,MATCH(AD$1,ASISTENCIA!$3:$3,0)-5,1,1) | AE17: =IF(TODAY()>=$AE$1-6,SUM(OFFSET(DEVO!$F$1,MATCH($G17,DEVO!$E:$E,0)-1,MATCH(AB$1,DEVO!$1:$1,0)-6,1,7)),"") -> 0 | AF17: =IF(TODAY()>=$AI$1-6,SUM(OFFSET(ASISTENCIA!$E$1,MATCH($G17,ASISTENCIA!$E:$E,0)-1,MATCH(AF$1,ASISTENCIA!$3:$3,0)-5,1,1)),"") -> 0 | AG17: =OFFSET(ASISTENCIA!$E$1,MATCH($G17,ASISTENCIA!$E:$E,0)-1,MATCH(AG$1,ASISTENCIA!$3:$3,0)-5,1,1) | AH17: =OFFSET(ASISTENCIA!$E$1,MATCH($G17,ASISTENCIA!$E:$E,0)-1,MATCH(AH$1,ASISTENCIA!$3:$3,0)-5,1,1) | AI17: =IF(TODAY()>=$AI$1-6,SUM(OFFSET(DEVO!$F$1,MATCH($G17,DEVO!$E:$E,0)-1,MATCH(AF$1,DEVO!$1:$1,0)-6,1,7)),"") -> 0 | AJ17: =IF(TODAY()>=$AM$1-6,SUM(OFFSET(ASISTENCIA!$E$1,MATCH($G17,ASISTENCIA!$E:$E,0)-1,MATCH(AJ$1,ASISTENCIA!$3:$3,0)-5,1,1)),"") -> 0 | AK17: =OFFSET(ASISTENCIA!$E$1,MATCH($G17,ASISTENCIA!$E:$E,0)-1,MATCH(AK$1,ASISTENCIA!$3:$3,0)-5,1,1) | AL17: =OFFSET(ASISTENCIA!$E$1,MATCH($G17,ASISTENCIA!$E:$E,0)-1,MATCH(AL$1,ASISTENCIA!$3:$3,0)-5,1,1) | AM17: =IF(TODAY()>=$AM$1-6,SUM(OFFSET(DEVO!$F$1,MATCH($G17,DEVO!$E:$E,0)-1,MATCH(AJ$1,DEVO!$1:$1,0)-6,1,7)),"") -> 0 | AN17: =IF(TODAY()>=$AQ$1-6,SUM(OFFSET(ASISTENCIA!$E$1,MATCH($G17,ASISTENCIA!$E:$E,0)-1,MATCH(AN$1,ASISTENCIA!$3:$3,0)-5,1,1)),"") -> 0 | AO17: =OFFSET(ASISTENCIA!$E$1,MATCH($G17,ASISTENCIA!$E:$E,0)-1,MATCH(AO$1,ASISTENCIA!$3:$3,0)-5,1,1) | AP17: =OFFSET(ASISTENCIA!$E$1,MATCH($G17,ASISTENCIA!$E:$E,0)-1,MATCH(AP$1,ASISTENCIA!$3:$3,0)-5,1,1) | AQ17: =IF(TODAY()>=$AQ$1-6,SUM(OFFSET(DEVO!$F$1,MATCH($G17,DEVO!$E:$E,0)-1,MATCH(AN$1,DEVO!$1:$1,0)-6,1,7)),"") -> 0 | AR17: =IF(TODAY()>=$AU$1-6,SUM(OFFSET(ASISTENCIA!$E$1,MATCH($G17,ASISTENCIA!$E:$E,0)-1,MATCH(AR$1,ASISTENCIA!$3:$3,0)-5,1,1)),"") -> 0 | AS17: =OFFSET(ASISTENCIA!$E$1,MATCH($G17,ASISTENCIA!$E:$E,0)-1,MATCH(AS$1,ASISTENCIA!$3:$3,0)-5,1,1) | AT17: =OFFSET(ASISTENCIA!$E$1,MATCH($G17,ASISTENCIA!$E:$E,0)-1,MATCH(AT$1,ASISTENCIA!$3:$3,0)-5,1,1) | AU17: =IF(TODAY()>=$AU$1-6,SUM(OFFSET(DEVO!$F$1,MATCH($G17,DEVO!$E:$E,0)-1,MATCH(AR$1,DEVO!$1:$1,0)-6,1,7)),"") -> 0 | AV17: =OFFSET(ASISTENCIA!$E$1,MATCH($G17,ASISTENCIA!$E:$E,0)-1,MATCH(AV$1,ASISTENCIA!$3:$3,0)-5,1,1) | AW17: =OFFSET(ASISTENCIA!$E$1,MATCH($G17,ASISTENCIA!$E:$E,0)-1,MATCH(AW$1,ASISTENCIA!$3:$3,0)-5,1,1) | AY17: =IF(TODAY()>=$O$1-6,COUNTIF(L17,">"&0)," ") -> 0 | AZ17: =IF(TODAY()>=$S$1-6,COUNTIF(P17,">"&0)," ") -> 0 | BA17: =IF(TODAY()>=$W$1-6,COUNTIF(T17,">"&0)," ") -> 0 | BB17: =IF(TODAY()>=$AA$1-6,COUNTIF(X17,">"&0)," ") -> 0 | BC17: =IF(TODAY()>=$AE$1-6,COUNTIF(AB17,">"&0)," ") -> 0 | BD17: =IF(TODAY()>=$AI$1-6,COUNTIF(AF17,">"&0)," ") -> 0 | BE17: =IF(TODAY()>=$AM$1-6,COUNTIF(AJ17,">"&0)," ") -> 0 | BF17: =IF(TODAY()>=$AQ$1-6,COUNTIF(AN17,">"&0)," ") -> 0 | BG17: =IF(TODAY()>=$AU$1-6,COUNTIF(AR17,">"&0)," ") -> 0 | BH17: =IFERROR(SUM(AY17:BG17)/$BJ$2,0)*10 -> 0 | BI17: =VLOOKUP(BH17,$BX$4:$BY$11,2,1) -> OBSERVADOS | BJ17: =IF(TODAY()>=$O$1-6,VLOOKUP(10*SUMPRODUCT($BJ$1:$BM$1,L17:O17)/MIN((TODAY()-$O$1+7),7),$BX$15:$BY$22,2,1)," ") -> OBSERVADOS | BK17: =IF(TODAY()>=$S$1-6,VLOOKUP(10*SUMPRODUCT($BJ$1:$BM$1,P17:S17)/MIN((TODAY()-$S$1+7),7),$BX$15:$BY$22,2,1)," ") -> OBSERVADOS | BL17: =IF(TODAY()>=$W$1-6,VLOOKUP(10*SUMPRODUCT($BJ$1:$BM$1,T17:W17)/MIN((TODAY()-$W$1+7),7),$BX$15:$BY$22,2,1)," ") -> OBSERVADOS | BM17: =IF(TODAY()>=$AA$1-6,VLOOKUP(10*SUMPRODUCT($BJ$1:$BM$1,X17:AA17)/MIN((TODAY()-$AA$1+7),7),$BX$15:$BY$22,2,1)," ") -> OBSERVADOS | BN17: =IF(TODAY()>=$AE$1-6,VLOOKUP(10*SUMPRODUCT($BJ$1:$BM$1,AB17:AE17)/MIN((TODAY()-$AE$1+7),7),$BX$15:$BY$22,2,1)," ") -> OBSERVADOS | BO17: =IF(TODAY()>=$AI$1-6,VLOOKUP(10*SUMPRODUCT($BJ$1:$BM$1,AF17:AI17)/MIN((TODAY()-$AI$1+7),7),$BX$15:$BY$22,2,1)," ") -> OBSERVADOS | BP17: =IF(TODAY()>=$AM$1-6,VLOOKUP(10*SUMPRODUCT($BJ$1:$BM$1,AJ17:AM17)/MIN((TODAY()-$AM$1+7),7),$BX$15:$BY$22,2,1)," ") -> OBSERVADOS | BQ17: =IF(TODAY()>=$AQ$1-6,VLOOKUP(10*SUMPRODUCT($BJ$1:$BM$1,AN17:AQ17)/MIN((TODAY()-$AQ$1+7),7),$BX$15:$BY$22,2,1)," ") -> OBSERVADOS | BR17: =IF(TODAY()>=$AU$1-6,VLOOKUP(10*SUMPRODUCT($BJ$1:$BM$1,AR17:AU17)/MIN((TODAY()-$AU$1+7),7),$BX$15:$BY$22,2,1)," ") -> OBSERVADOS | BS17: =OFFSET(ASISTENCIA!$E$1,MATCH($G17,ASISTENCIA!$E:$E,0)-1,MATCH(BS$1,ASISTENCIA!$3:$3,0)-5,1,1) -> No contesta, deja en visto | BT17: =OFFSET(ASISTENCIA!$E$1,MATCH($G17,ASISTENCIA!$E:$E,0)-1,MATCH(BT$1,ASISTENCIA!$3:$3,0)-5,1,1) -> Luz Bravo | BU17: =OFFSET(ASISTENCIA!$E$1,MATCH($G17,ASISTENCIA!$E:$E,0)-1,MATCH(BU$1,ASISTENCIA!$3:$3,0)-5,1,1) -> 919526320 | BV17: =OFFSET(ASISTENCIA!$E$1,MATCH($G17,ASISTENCIA!$E:$E,0)-1,MATCH(BV$1,ASISTENCIA!$3:$3,0)-5,1,1) | BX17: =IFERROR(__xludf.DUMMYFUNCTION("""COMPUTED_VALUE"""),3.5814285714285714) -> 3.5814286 | BY17: =IFERROR(__xludf.DUMMYFUNCTION("""COMPUTED_VALUE"""),"REGULARES") -> REGULARES
A18: =1+A17 -> 15 | B18: =IFERROR(__xludf.DUMMYFUNCTION("""COMPUTED_VALUE"""),"ANTIOQUIANOS") -> ANTIOQUIANOS | C18: =IFERROR(__xludf.DUMMYFUNCTION("""COMPUTED_VALUE"""),"AUDI ESTELA SAHUANAY HUISACAYNA") -> AUDI ESTELA SAHUANAY HUISACAYNA | D18: =IFERROR(__xludf.DUMMYFUNCTION("""COMPUTED_VALUE"""),"ESC.LID-0278") -> ESC.LID-0278 | E18: =IFERROR(__xludf.DUMMYFUNCTION("""COMPUTED_VALUE"""),"C11A") -> C11A | F18: =IFERROR(__xludf.DUMMYFUNCTION("""COMPUTED_VALUE"""),"SAGASTEGUI ORIHUELA, ALAN ALBERTO ") -> SAGASTEGUI ORIHUELA, ALAN ALBERTO | G18: =IFERROR(__xludf.DUMMYFUNCTION("""COMPUTED_VALUE"""),"46373531") -> 46373531 | H18: =IFERROR(__xludf.DUMMYFUNCTION("""COMPUTED_VALUE"""),"922103512") -> 922103512 | I18: =IFERROR(__xludf.DUMMYFUNCTION("""COMPUTED_VALUE"""),33047.0) -> 33047 | J18: =DEVO!F19 -> 33047 | K18: =IF(I18>0,I18,J18) -> 33047 | L18: =IF(TODAY()>=$O$1-6,SUM(OFFSET(ASISTENCIA!$E$1,MATCH($G18,ASISTENCIA!$E:$E,0)-1,MATCH(L$1,ASISTENCIA!$3:$3,0)-5,1,1)),"") -> 1 | M18: =OFFSET(ASISTENCIA!$E$1,MATCH($G18,ASISTENCIA!$E:$E,0)-1,MATCH(M$1,ASISTENCIA!$3:$3,0)-5,1,1) | N18: =OFFSET(ASISTENCIA!$E$1,MATCH($G18,ASISTENCIA!$E:$E,0)-1,MATCH(N$1,ASISTENCIA!$3:$3,0)-5,1,1) -> 2 | O18: =IF(TODAY()>=$O$1-6,SUM(OFFSET(DEVO!$F$1,MATCH($G18,DEVO!$E:$E,0)-1,MATCH(L$1,DEVO!$1:$1,0)-6,1,7)),"") -> 0 | P18: =IF(TODAY()>=$S$1-6,SUM(OFFSET(ASISTENCIA!$E$1,MATCH($G18,ASISTENCIA!$E:$E,0)-1,MATCH(P$1,ASISTENCIA!$3:$3,0)-5,1,1)),"") -> 1 | Q18: =OFFSET(ASISTENCIA!$E$1,MATCH($G18,ASISTENCIA!$E:$E,0)-1,MATCH(Q$1,ASISTENCIA!$3:$3,0)-5,1,1) | R18: =OFFSET(ASISTENCIA!$E$1,MATCH($G18,ASISTENCIA!$E:$E,0)-1,MATCH(R$1,ASISTENCIA!$3:$3,0)-5,1,1) | S18: =IF(TODAY()>=$S$1-6,SUM(OFFSET(DEVO!$F$1,MATCH($G18,DEVO!$E:$E,0)-1,MATCH(P$1,DEVO!$1:$1,0)-6,1,7)),"") -> 0 | T18: =IF(TODAY()>=$W$1-6,SUM(OFFSET(ASISTENCIA!$E$1,MATCH($G18,ASISTENCIA!$E:$E,0)-1,MATCH(T$1,ASISTENCIA!$3:$3,0)-5,1,1)),"") -> 1 | U18: =OFFSET(ASISTENCIA!$E$1,MATCH($G18,ASISTENCIA!$E:$E,0)-1,MATCH(U$1,ASISTENCIA!$3:$3,0)-5,1,1) | V18: =OFFSET(ASISTENCIA!$E$1,MATCH($G18,ASISTENCIA!$E:$E,0)-1,MATCH(V$1,ASISTENCIA!$3:$3,0)-5,1,1) | W18: =IF(TODAY()>=$W$1-6,SUM(OFFSET(DEVO!$F$1,MATCH($G18,DEVO!$E:$E,0)-1,MATCH(T$1,DEVO!$1:$1,0)-6,1,7)),"") -> 0 | X18: =IF(TODAY()>=$AA$1-6,SUM(OFFSET(ASISTENCIA!$E$1,MATCH($G18,ASISTENCIA!$E:$E,0)-1,MATCH(X$1,ASISTENCIA!$3:$3,0)-5,1,1)),"") -> 1 | Y18: =OFFSET(ASISTENCIA!$E$1,MATCH($G18,ASISTENCIA!$E:$E,0)-1,MATCH(Y$1,ASISTENCIA!$3:$3,0)-5,1,1) | Z18: =OFFSET(ASISTENCIA!$E$1,MATCH($G18,ASISTENCIA!$E:$E,0)-1,MATCH(Z$1,ASISTENCIA!$3:$3,0)-5,1,1) | AA18: =IF(TODAY()>=$AA$1-6,SUM(OFFSET(DEVO!$F$1,MATCH($G18,DEVO!$E:$E,0)-1,MATCH(X$1,DEVO!$1:$1,0)-6,1,7)),"") -> 0 | AB18: =IF(TODAY()>=$AE$1-6,SUM(OFFSET(ASISTENCIA!$E$1,MATCH($G18,ASISTENCIA!$E:$E,0)-1,MATCH(AB$1,ASISTENCIA!$3:$3,0)-5,1,1)),"") -> 1 | AC18: =OFFSET(ASISTENCIA!$E$1,MATCH($G18,ASISTENCIA!$E:$E,0)-1,MATCH(AC$1,ASISTENCIA!$3:$3,0)-5,1,1) | AD18: =OFFSET(ASISTENCIA!$E$1,MATCH($G18,ASISTENCIA!$E:$E,0)-1,MATCH(AD$1,ASISTENCIA!$3:$3,0)-5,1,1) | AE18: =IF(TODAY()>=$AE$1-6,SUM(OFFSET(DEVO!$F$1,MATCH($G18,DEVO!$E:$E,0)-1,MATCH(AB$1,DEVO!$1:$1,0)-6,1,7)),"") -> 0 | AF18: =IF(TODAY()>=$AI$1-6,SUM(OFFSET(ASISTENCIA!$E$1,MATCH($G18,ASISTENCIA!$E:$E,0)-1,MATCH(AF$1,ASISTENCIA!$3:$3,0)-5,1,1)),"") -> 1 | AG18: =OFFSET(ASISTENCIA!$E$1,MATCH($G18,ASISTENCIA!$E:$E,0)-1,MATCH(AG$1,ASISTENCIA!$3:$3,0)-5,1,1) | AH18: =OFFSET(ASISTENCIA!$E$1,MATCH($G18,ASISTENCIA!$E:$E,0)-1,MATCH(AH$1,ASISTENCIA!$3:$3,0)-5,1,1) | AI18: =IF(TODAY()>=$AI$1-6,SUM(OFFSET(DEVO!$F$1,MATCH($G18,DEVO!$E:$E,0)-1,MATCH(AF$1,DEVO!$1:$1,0)-6,1,7)),"") -> 0 | AJ18: =IF(TODAY()>=$AM$1-6,SUM(OFFSET(ASISTENCIA!$E$1,MATCH($G18,ASISTENCIA!$E:$E,0)-1,MATCH(AJ$1,ASISTENCIA!$3:$3,0)-5,1,1)),"") -> 1 | AK18: =OFFSET(ASISTENCIA!$E$1,MATCH($G18,ASISTENCIA!$E:$E,0)-1,MATCH(AK$1,ASISTENCIA!$3:$3,0)-5,1,1) | AL18: =OFFSET(ASISTENCIA!$E$1,MATCH($G18,ASISTENCIA!$E:$E,0)-1,MATCH(AL$1,ASISTENCIA!$3:$3,0)-5,1,1) | AM18: =IF(TODAY()>=$AM$1-6,SUM(OFFSET(DEVO!$F$1,MATCH($G18,DEVO!$E:$E,0)-1,MATCH(AJ$1,DEVO!$1:$1,0)-6,1,7)),"") -> 0 | AN18: =IF(TODAY()>=$AQ$1-6,SUM(OFFSET(ASISTENCIA!$E$1,MATCH($G18,ASISTENCIA!$E:$E,0)-1,MATCH(AN$1,ASISTENCIA!$3:$3,0)-5,1,1)),"") -> 1 | AO18: =OFFSET(ASISTENCIA!$E$1,MATCH($G18,ASISTENCIA!$E:$E,0)-1,MATCH(AO$1,ASISTENCIA!$3:$3,0)-5,1,1) | AP18: =OFFSET(ASISTENCIA!$E$1,MATCH($G18,ASISTENCIA!$E:$E,0)-1,MATCH(AP$1,ASISTENCIA!$3:$3,0)-5,1,1) | AQ18: =IF(TODAY()>=$AQ$1-6,SUM(OFFSET(DEVO!$F$1,MATCH($G18,DEVO!$E:$E,0)-1,MATCH(AN$1,DEVO!$1:$1,0)-6,1,7)),"") -> 0 | AR18: =IF(TODAY()>=$AU$1-6,SUM(OFFSET(ASISTENCIA!$E$1,MATCH($G18,ASISTENCIA!$E:$E,0)-1,MATCH(AR$1,ASISTENCIA!$3:$3,0)-5,1,1)),"") -> 3 | AS18: =OFFSET(ASISTENCIA!$E$1,MATCH($G18,ASISTENCIA!$E:$E,0)-1,MATCH(AS$1,ASISTENCIA!$3:$3,0)-5,1,1) | AT18: =OFFSET(ASISTENCIA!$E$1,MATCH($G18,ASISTENCIA!$E:$E,0)-1,MATCH(AT$1,ASISTENCIA!$3:$3,0)-5,1,1) | AU18: =IF(TODAY()>=$AU$1-6,SUM(OFFSET(DEVO!$F$1,MATCH($G18,DEVO!$E:$E,0)-1,MATCH(AR$1,DEVO!$1:$1,0)-6,1,7)),"") -> 0 | AV18: =OFFSET(ASISTENCIA!$E$1,MATCH($G18,ASISTENCIA!$E:$E,0)-1,MATCH(AV$1,ASISTENCIA!$3:$3,0)-5,1,1) -> 13 | AW18: =OFFSET(ASISTENCIA!$E$1,MATCH($G18,ASISTENCIA!$E:$E,0)-1,MATCH(AW$1,ASISTENCIA!$3:$3,0)-5,1,1) -> 16 | AY18: =IF(TODAY()>=$O$1-6,COUNTIF(L18,">"&0)," ") -> 1 | AZ18: =IF(TODAY()>=$S$1-6,COUNTIF(P18,">"&0)," ") -> 1 | BA18: =IF(TODAY()>=$W$1-6,COUNTIF(T18,">"&0)," ") -> 1 | BB18: =IF(TODAY()>=$AA$1-6,COUNTIF(X18,">"&0)," ") -> 1 | BC18: =IF(TODAY()>=$AE$1-6,COUNTIF(AB18,">"&0)," ") -> 1 | BD18: =IF(TODAY()>=$AI$1-6,COUNTIF(AF18,">"&0)," ") -> 1 | BE18: =IF(TODAY()>=$AM$1-6,COUNTIF(AJ18,">"&0)," ") -> 1 | BF18: =IF(TODAY()>=$AQ$1-6,COUNTIF(AN18,">"&0)," ") -> 1 | BG18: =IF(TODAY()>=$AU$1-6,COUNTIF(AR18,">"&0)," ") -> 1 | BH18: =IFERROR(SUM(AY18:BG18)/$BJ$2,0)*10 -> 10 | BI18: =VLOOKUP(BH18,$BX$4:$BY$11,2,1) -> EXCELENTES | BJ18: =IF(TODAY()>=$O$1-6,VLOOKUP(10*SUMPRODUCT($BJ$1:$BM$1,L18:O18)/MIN((TODAY()-$O$1+7),7),$BX$15:$BY$22,2,1)," ") -> OBSERVADOS | BK18: =IF(TODAY()>=$S$1-6,VLOOKUP(10*SUMPRODUCT($BJ$1:$BM$1,P18:S18)/MIN((TODAY()-$S$1+7),7),$BX$15:$BY$22,2,1)," ") -> OBSERVADOS | BL18: =IF(TODAY()>=$W$1-6,VLOOKUP(10*SUMPRODUCT($BJ$1:$BM$1,T18:W18)/MIN((TODAY()-$W$1+7),7),$BX$15:$BY$22,2,1)," ") -> OBSERVADOS | BM18: =IF(TODAY()>=$AA$1-6,VLOOKUP(10*SUMPRODUCT($BJ$1:$BM$1,X18:AA18)/MIN((TODAY()-$AA$1+7),7),$BX$15:$BY$22,2,1)," ") -> OBSERVADOS | BN18: =IF(TODAY()>=$AE$1-6,VLOOKUP(10*SUMPRODUCT($BJ$1:$BM$1,AB18:AE18)/MIN((TODAY()-$AE$1+7),7),$BX$15:$BY$22,2,1)," ") -> OBSERVADOS | BO18: =IF(TODAY()>=$AI$1-6,VLOOKUP(10*SUMPRODUCT($BJ$1:$BM$1,AF18:AI18)/MIN((TODAY()-$AI$1+7),7),$BX$15:$BY$22,2,1)," ") -> OBSERVADOS | BP18: =IF(TODAY()>=$AM$1-6,VLOOKUP(10*SUMPRODUCT($BJ$1:$BM$1,AJ18:AM18)/MIN((TODAY()-$AM$1+7),7),$BX$15:$BY$22,2,1)," ") -> OBSERVADOS | BQ18: =IF(TODAY()>=$AQ$1-6,VLOOKUP(10*SUMPRODUCT($BJ$1:$BM$1,AN18:AQ18)/MIN((TODAY()-$AQ$1+7),7),$BX$15:$BY$22,2,1)," ") -> OBSERVADOS | BR18: =IF(TODAY()>=$AU$1-6,VLOOKUP(10*SUMPRODUCT($BJ$1:$BM$1,AR18:AU18)/MIN((TODAY()-$AU$1+7),7),$BX$15:$BY$22,2,1)," ") -> OBSERVADOS | BS18: =OFFSET(ASISTENCIA!$E$1,MATCH($G18,ASISTENCIA!$E:$E,0)-1,MATCH(BS$1,ASISTENCIA!$3:$3,0)-5,1,1) | BT18: =OFFSET(ASISTENCIA!$E$1,MATCH($G18,ASISTENCIA!$E:$E,0)-1,MATCH(BT$1,ASISTENCIA!$3:$3,0)-5,1,1) -> Juan Vasquez | BU18: =OFFSET(ASISTENCIA!$E$1,MATCH($G18,ASISTENCIA!$E:$E,0)-1,MATCH(BU$1,ASISTENCIA!$3:$3,0)-5,1,1) -> 991047608 | BV18: =OFFSET(ASISTENCIA!$E$1,MATCH($G18,ASISTENCIA!$E:$E,0)-1,MATCH(BV$1,ASISTENCIA!$3:$3,0)-5,1,1) | BX18: =IFERROR(__xludf.DUMMYFUNCTION("""COMPUTED_VALUE"""),6.428571428571429) -> 6.4285714 | BY18: =IFERROR(__xludf.DUMMYFUNCTION("""COMPUTED_VALUE"""),"REGULARES") -> REGULARES
A19: =1+A18 -> 16 | B19: =IFERROR(__xludf.DUMMYFUNCTION("""COMPUTED_VALUE"""),"ANTIOQUIANOS") -> ANTIOQUIANOS | C19: =IFERROR(__xludf.DUMMYFUNCTION("""COMPUTED_VALUE"""),"AUDI ESTELA SAHUANAY HUISACAYNA") -> AUDI ESTELA SAHUANAY HUISACAYNA | D19: =IFERROR(__xludf.DUMMYFUNCTION("""COMPUTED_VALUE"""),"ESC.LID-0283") -> ESC.LID-0283 | E19: =IFERROR(__xludf.DUMMYFUNCTION("""COMPUTED_VALUE"""),"C11A") -> C11A | F19: =IFERROR(__xludf.DUMMYFUNCTION("""COMPUTED_VALUE"""),"SULCA RODRIGUEZ, DIEGO ARMANDO") -> SULCA RODRIGUEZ, DIEGO ARMANDO | G19: =IFERROR(__xludf.DUMMYFUNCTION("""COMPUTED_VALUE"""),"46258796") -> 46258796 | H19: =IFERROR(__xludf.DUMMYFUNCTION("""COMPUTED_VALUE"""),"984250384") -> 984250384 | I19: =IFERROR(__xludf.DUMMYFUNCTION("""COMPUTED_VALUE"""),32907.0) -> 32907 | J19: =DEVO!F20 -> 32907 | K19: =IF(I19>0,I19,J19) -> 32907 | L19: =IF(TODAY()>=$O$1-6,SUM(OFFSET(ASISTENCIA!$E$1,MATCH($G19,ASISTENCIA!$E:$E,0)-1,MATCH(L$1,ASISTENCIA!$3:$3,0)-5,1,1)),"") -> 1 | M19: =OFFSET(ASISTENCIA!$E$1,MATCH($G19,ASISTENCIA!$E:$E,0)-1,MATCH(M$1,ASISTENCIA!$3:$3,0)-5,1,1) | N19: =OFFSET(ASISTENCIA!$E$1,MATCH($G19,ASISTENCIA!$E:$E,0)-1,MATCH(N$1,ASISTENCIA!$3:$3,0)-5,1,1) -> 2 | O19: =IF(TODAY()>=$O$1-6,SUM(OFFSET(DEVO!$F$1,MATCH($G19,DEVO!$E:$E,0)-1,MATCH(L$1,DEVO!$1:$1,0)-6,1,7)),"") -> 0 | P19: =IF(TODAY()>=$S$1-6,SUM(OFFSET(ASISTENCIA!$E$1,MATCH($G19,ASISTENCIA!$E:$E,0)-1,MATCH(P$1,ASISTENCIA!$3:$3,0)-5,1,1)),"") -> 0 | Q19: =OFFSET(ASISTENCIA!$E$1,MATCH($G19,ASISTENCIA!$E:$E,0)-1,MATCH(Q$1,ASISTENCIA!$3:$3,0)-5,1,1) | R19: =OFFSET(ASISTENCIA!$E$1,MATCH($G19,ASISTENCIA!$E:$E,0)-1,MATCH(R$1,ASISTENCIA!$3:$3,0)-5,1,1) -> 1 | S19: =IF(TODAY()>=$S$1-6,SUM(OFFSET(DEVO!$F$1,MATCH($G19,DEVO!$E:$E,0)-1,MATCH(P$1,DEVO!$1:$1,0)-6,1,7)),"") -> 0 | T19: =IF(TODAY()>=$W$1-6,SUM(OFFSET(ASISTENCIA!$E$1,MATCH($G19,ASISTENCIA!$E:$E,0)-1,MATCH(T$1,ASISTENCIA!$3:$3,0)-5,1,1)),"") -> 0 | U19: =OFFSET(ASISTENCIA!$E$1,MATCH($G19,ASISTENCIA!$E:$E,0)-1,MATCH(U$1,ASISTENCIA!$3:$3,0)-5,1,1) | V19: =OFFSET(ASISTENCIA!$E$1,MATCH($G19,ASISTENCIA!$E:$E,0)-1,MATCH(V$1,ASISTENCIA!$3:$3,0)-5,1,1) -> 1 | W19: =IF(TODAY()>=$W$1-6,SUM(OFFSET(DEVO!$F$1,MATCH($G19,DEVO!$E:$E,0)-1,MATCH(T$1,DEVO!$1:$1,0)-6,1,7)),"") -> 0 | X19: =IF(TODAY()>=$AA$1-6,SUM(OFFSET(ASISTENCIA!$E$1,MATCH($G19,ASISTENCIA!$E:$E,0)-1,MATCH(X$1,ASISTENCIA!$3:$3,0)-5,1,1)),"") -> 0 | Y19: =OFFSET(ASISTENCIA!$E$1,MATCH($G19,ASISTENCIA!$E:$E,0)-1,MATCH(Y$1,ASISTENCIA!$3:$3,0)-5,1,1) | Z19: =OFFSET(ASISTENCIA!$E$1,MATCH($G19,ASISTENCIA!$E:$E,0)-1,MATCH(Z$1,ASISTENCIA!$3:$3,0)-5,1,1) -> 2 | AA19: =IF(TODAY()>=$AA$1-6,SUM(OFFSET(DEVO!$F$1,MATCH($G19,DEVO!$E:$E,0)-1,MATCH(X$1,DEVO!$1:$1,0)-6,1,7)),"") -> 0 | AB19: =IF(TODAY()>=$AE$1-6,SUM(OFFSET(ASISTENCIA!$E$1,MATCH($G19,ASISTENCIA!$E:$E,0)-1,MATCH(AB$1,ASISTENCIA!$3:$3,0)-5,1,1)),"") -> 0 | AC19: =OFFSET(ASISTENCIA!$E$1,MATCH($G19,ASISTENCIA!$E:$E,0)-1,MATCH(AC$1,ASISTENCIA!$3:$3,0)-5,1,1) | AD19: =OFFSET(ASISTENCIA!$E$1,MATCH($G19,ASISTENCIA!$E:$E,0)-1,MATCH(AD$1,ASISTENCIA!$3:$3,0)-5,1,1) -> 1 | AE19: =IF(TODAY()>=$AE$1-6,SUM(OFFSET(DEVO!$F$1,MATCH($G19,DEVO!$E:$E,0)-1,MATCH(AB$1,DEVO!$1:$1,0)-6,1,7)),"") -> 0 | AF19: =IF(TODAY()>=$AI$1-6,SUM(OFFSET(ASISTENCIA!$E$1,MATCH($G19,ASISTENCIA!$E:$E,0)-1,MATCH(AF$1,ASISTENCIA!$3:$3,0)-5,1,1)),"") -> 0 | AG19: =OFFSET(ASISTENCIA!$E$1,MATCH($G19,ASISTENCIA!$E:$E,0)-1,MATCH(AG$1,ASISTENCIA!$3:$3,0)-5,1,1) | AH19: =OFFSET(ASISTENCIA!$E$1,MATCH($G19,ASISTENCIA!$E:$E,0)-1,MATCH(AH$1,ASISTENCIA!$3:$3,0)-5,1,1) -> 1 | AI19: =IF(TODAY()>=$AI$1-6,SUM(OFFSET(DEVO!$F$1,MATCH($G19,DEVO!$E:$E,0)-1,MATCH(AF$1,DEVO!$1:$1,0)-6,1,7)),"") -> 0 | AJ19: =IF(TODAY()>=$AM$1-6,SUM(OFFSET(ASISTENCIA!$E$1,MATCH($G19,ASISTENCIA!$E:$E,0)-1,MATCH(AJ$1,ASISTENCIA!$3:$3,0)-5,1,1)),"") -> 0 | AK19: =OFFSET(ASISTENCIA!$E$1,MATCH($G19,ASISTENCIA!$E:$E,0)-1,MATCH(AK$1,ASISTENCIA!$3:$3,0)-5,1,1) | AL19: =OFFSET(ASISTENCIA!$E$1,MATCH($G19,ASISTENCIA!$E:$E,0)-1,MATCH(AL$1,ASISTENCIA!$3:$3,0)-5,1,1) -> 1 | AM19: =IF(TODAY()>=$AM$1-6,SUM(OFFSET(DEVO!$F$1,MATCH($G19,DEVO!$E:$E,0)-1,MATCH(AJ$1,DEVO!$1:$1,0)-6,1,7)),"") -> 0 | AN19: =IF(TODAY()>=$AQ$1-6,SUM(OFFSET(ASISTENCIA!$E$1,MATCH($G19,ASISTENCIA!$E:$E,0)-1,MATCH(AN$1,ASISTENCIA!$3:$3,0)-5,1,1)),"") -> 0 | AO19: =OFFSET(ASISTENCIA!$E$1,MATCH($G19,ASISTENCIA!$E:$E,0)-1,MATCH(AO$1,ASISTENCIA!$3:$3,0)-5,1,1) | AP19: =OFFSET(ASISTENCIA!$E$1,MATCH($G19,ASISTENCIA!$E:$E,0)-1,MATCH(AP$1,ASISTENCIA!$3:$3,0)-5,1,1) -> 1 | AQ19: =IF(TODAY()>=$AQ$1-6,SUM(OFFSET(DEVO!$F$1,MATCH($G19,DEVO!$E:$E,0)-1,MATCH(AN$1,DEVO!$1:$1,0)-6,1,7)),"") -> 0 | AR19: =IF(TODAY()>=$AU$1-6,SUM(OFFSET(ASISTENCIA!$E$1,MATCH($G19,ASISTENCIA!$E:$E,0)-1,MATCH(AR$1,ASISTENCIA!$3:$3,0)-5,1,1)),"") -> 0 | AS19: =OFFSET(ASISTENCIA!$E$1,MATCH($G19,ASISTENCIA!$E:$E,0)-1,MATCH(AS$1,ASISTENCIA!$3:$3,0)-5,1,1) | AT19: =OFFSET(ASISTENCIA!$E$1,MATCH($G19,ASISTENCIA!$E:$E,0)-1,MATCH(AT$1,ASISTENCIA!$3:$3,0)-5,1,1) | AU19: =IF(TODAY()>=$AU$1-6,SUM(OFFSET(DEVO!$F$1,MATCH($G19,DEVO!$E:$E,0)-1,MATCH(AR$1,DEVO!$1:$1,0)-6,1,7)),"") -> 0 | AV19: =OFFSET(ASISTENCIA!$E$1,MATCH($G19,ASISTENCIA!$E:$E,0)-1,MATCH(AV$1,ASISTENCIA!$3:$3,0)-5,1,1) | AW19: =OFFSET(ASISTENCIA!$E$1,MATCH($G19,ASISTENCIA!$E:$E,0)-1,MATCH(AW$1,ASISTENCIA!$3:$3,0)-5,1,1) | AY19: =IF(TODAY()>=$O$1-6,COUNTIF(L19,">"&0)," ") -> 1 | AZ19: =IF(TODAY()>=$S$1-6,COUNTIF(P19,">"&0)," ") -> 0 | BA19: =IF(TODAY()>=$W$1-6,COUNTIF(T19,">"&0)," ") -> 0 | BB19: =IF(TODAY()>=$AA$1-6,COUNTIF(X19,">"&0)," ") -> 0 | BC19: =IF(TODAY()>=$AE$1-6,COUNTIF(AB19,">"&0)," ") -> 0 | BD19: =IF(TODAY()>=$AI$1-6,COUNTIF(AF19,">"&0)," ") -> 0 | BE19: =IF(TODAY()>=$AM$1-6,COUNTIF(AJ19,">"&0)," ") -> 0 | BF19: =IF(TODAY()>=$AQ$1-6,COUNTIF(AN19,">"&0)," ") -> 0 | BG19: =IF(TODAY()>=$AU$1-6,COUNTIF(AR19,">"&0)," ") -> 0 | BH19: =IFERROR(SUM(AY19:BG19)/$BJ$2,0)*10 -> 1.1111111 | BI19: =VLOOKUP(BH19,$BX$4:$BY$11,2,1) -> OBSERVADOS | BJ19: =IF(TODAY()>=$O$1-6,VLOOKUP(10*SUMPRODUCT($BJ$1:$BM$1,L19:O19)/MIN((TODAY()-$O$1+7),7),$BX$15:$BY$22,2,1)," ") -> OBSERVADOS | BK19: =IF(TODAY()>=$S$1-6,VLOOKUP(10*SUMPRODUCT($BJ$1:$BM$1,P19:S19)/MIN((TODAY()-$S$1+7),7),$BX$15:$BY$22,2,1)," ") -> OBSERVADOS | BL19: =IF(TODAY()>=$W$1-6,VLOOKUP(10*SUMPRODUCT($BJ$1:$BM$1,T19:W19)/MIN((TODAY()-$W$1+7),7),$BX$15:$BY$22,2,1)," ") -> OBSERVADOS | BM19: =IF(TODAY()>=$AA$1-6,VLOOKUP(10*SUMPRODUCT($BJ$1:$BM$1,X19:AA19)/MIN((TODAY()-$AA$1+7),7),$BX$15:$BY$22,2,1)," ") -> OBSERVADOS | BN19: =IF(TODAY()>=$AE$1-6,VLOOKUP(10*SUMPRODUCT($BJ$1:$BM$1,AB19:AE19)/MIN((TODAY()-$AE$1+7),7),$BX$15:$BY$22,2,1)," ") -> OBSERVADOS | BO19: =IF(TODAY()>=$AI$1-6,VLOOKUP(10*SUMPRODUCT($BJ$1:$BM$1,AF19:AI19)/MIN((TODAY()-$AI$1+7),7),$BX$15:$BY$22,2,1)," ") -> OBSERVADOS | BP19: =IF(TODAY()>=$AM$1-6,VLOOKUP(10*SUMPRODUCT($BJ$1:$BM$1,AJ19:AM19)/MIN((TODAY()-$AM$1+7),7),$BX$15:$BY$22,2,1)," ") -> OBSERVADOS | BQ19: =IF(TODAY()>=$AQ$1-6,VLOOKUP(10*SUMPRODUCT($BJ$1:$BM$1,AN19:AQ19)/MIN((TODAY()-$AQ$1+7),7),$BX$15:$BY$22,2,1)," ") -> OBSERVADOS | BR19: =IF(TODAY()>=$AU$1-6,VLOOKUP(10*SUMPRODUCT($BJ$1:$BM$1,AR19:AU19)/MIN((TODAY()-$AU$1+7),7),$BX$15:$BY$22,2,1)," ") -> OBSERVADOS | BS19: =OFFSET(ASISTENCIA!$E$1,MATCH($G19,ASISTENCIA!$E:$E,0)-1,MATCH(BS$1,ASISTENCIA!$3:$3,0)-5,1,1) -> Se le envía los audios, pero no responde cuando se le pide las clases | BT19: =OFFSET(ASISTENCIA!$E$1,MATCH($G19,ASISTENCIA!$E:$E,0)-1,MATCH(BT$1,ASISTENCIA!$3:$3,0)-5,1,1) -> Jean Franco Vasquez | BU19: =OFFSET(ASISTENCIA!$E$1,MATCH($G19,ASISTENCIA!$E:$E,0)-1,MATCH(BU$1,ASISTENCIA!$3:$3,0)-5,1,1) -> 998172190 | BV19: =OFFSET(ASISTENCIA!$E$1,MATCH($G19,ASISTENCIA!$E:$E,0)-1,MATCH(BV$1,ASISTENCIA!$3:$3,0)-5,1,1) -> SI | BX19: =IFERROR(__xludf.DUMMYFUNCTION("""COMPUTED_VALUE"""),6.438571428571429) -> 6.4385714 | BY19: =IFERROR(__xludf.DUMMYFUNCTION("""COMPUTED_VALUE"""),"BUENO") -> BUENO
A20: =1+A19 -> 17 | B20: =IFERROR(__xludf.DUMMYFUNCTION("""COMPUTED_VALUE"""),"ANTIOQUIANOS") -> ANTIOQUIANOS | C20: =IFERROR(__xludf.DUMMYFUNCTION("""COMPUTED_VALUE"""),"AUDI ESTELA SAHUANAY HUISACAYNA") -> AUDI ESTELA SAHUANAY HUISACAYNA | D20: =IFERROR(__xludf.DUMMYFUNCTION("""COMPUTED_VALUE"""),"ESC.LID-1450") -> ESC.LID-1450 | E20: =IFERROR(__xludf.DUMMYFUNCTION("""COMPUTED_VALUE"""),"C113") -> C113 | F20: =IFERROR(__xludf.DUMMYFUNCTION("""COMPUTED_VALUE"""),"JORIS ONSIA, MAARTEN") -> JORIS ONSIA, MAARTEN | G20: =IFERROR(__xludf.DUMMYFUNCTION("""COMPUTED_VALUE"""),"04045579") -> 04045579 | H20: =IFERROR(__xludf.DUMMYFUNCTION("""COMPUTED_VALUE"""),"935603472") -> 935603472 | J20: =DEVO!F21 -> 30092 | K20: =IF(I20>0,I20,J20) -> 30092 | L20: =IF(TODAY()>=$O$1-6,SUM(OFFSET(ASISTENCIA!$E$1,MATCH($G20,ASISTENCIA!$E:$E,0)-1,MATCH(L$1,ASISTENCIA!$3:$3,0)-5,1,1)),"") -> 0 | M20: =OFFSET(ASISTENCIA!$E$1,MATCH($G20,ASISTENCIA!$E:$E,0)-1,MATCH(M$1,ASISTENCIA!$3:$3,0)-5,1,1) | N20: =OFFSET(ASISTENCIA!$E$1,MATCH($G20,ASISTENCIA!$E:$E,0)-1,MATCH(N$1,ASISTENCIA!$3:$3,0)-5,1,1) | O20: =IF(TODAY()>=$O$1-6,SUM(OFFSET(DEVO!$F$1,MATCH($G20,DEVO!$E:$E,0)-1,MATCH(L$1,DEVO!$1:$1,0)-6,1,7)),"") -> 0 | P20: =IF(TODAY()>=$S$1-6,SUM(OFFSET(ASISTENCIA!$E$1,MATCH($G20,ASISTENCIA!$E:$E,0)-1,MATCH(P$1,ASISTENCIA!$3:$3,0)-5,1,1)),"") -> 1 | Q20: =OFFSET(ASISTENCIA!$E$1,MATCH($G20,ASISTENCIA!$E:$E,0)-1,MATCH(Q$1,ASISTENCIA!$3:$3,0)-5,1,1) | R20: =OFFSET(ASISTENCIA!$E$1,MATCH($G20,ASISTENCIA!$E:$E,0)-1,MATCH(R$1,ASISTENCIA!$3:$3,0)-5,1,1) | S20: =IF(TODAY()>=$S$1-6,SUM(OFFSET(DEVO!$F$1,MATCH($G20,DEVO!$E:$E,0)-1,MATCH(P$1,DEVO!$1:$1,0)-6,1,7)),"") -> 0 | T20: =IF(TODAY()>=$W$1-6,SUM(OFFSET(ASISTENCIA!$E$1,MATCH($G20,ASISTENCIA!$E:$E,0)-1,MATCH(T$1,ASISTENCIA!$3:$3,0)-5,1,1)),"") -> 1 | U20: =OFFSET(ASISTENCIA!$E$1,MATCH($G20,ASISTENCIA!$E:$E,0)-1,MATCH(U$1,ASISTENCIA!$3:$3,0)-5,1,1) | V20: =OFFSET(ASISTENCIA!$E$1,MATCH($G20,ASISTENCIA!$E:$E,0)-1,MATCH(V$1,ASISTENCIA!$3:$3,0)-5,1,1) | W20: =IF(TODAY()>=$W$1-6,SUM(OFFSET(DEVO!$F$1,MATCH($G20,DEVO!$E:$E,0)-1,MATCH(T$1,DEVO!$1:$1,0)-6,1,7)),"") -> 3 | X20: =IF(TODAY()>=$AA$1-6,SUM(OFFSET(ASISTENCIA!$E$1,MATCH($G20,ASISTENCIA!$E:$E,0)-1,MATCH(X$1,ASISTENCIA!$3:$3,0)-5,1,1)),"") -> 2 | Y20: =OFFSET(ASISTENCIA!$E$1,MATCH($G20,ASISTENCIA!$E:$E,0)-1,MATCH(Y$1,ASISTENCIA!$3:$3,0)-5,1,1) -> 5 | Z20: =OFFSET(ASISTENCIA!$E$1,MATCH($G20,ASISTENCIA!$E:$E,0)-1,MATCH(Z$1,ASISTENCIA!$3:$3,0)-5,1,1) | AA20: =IF(TODAY()>=$AA$1-6,SUM(OFFSET(DEVO!$F$1,MATCH($G20,DEVO!$E:$E,0)-1,MATCH(X$1,DEVO!$1:$1,0)-6,1,7)),"") -> 7 | AB20: =IF(TODAY()>=$AE$1-6,SUM(OFFSET(ASISTENCIA!$E$1,MATCH($G20,ASISTENCIA!$E:$E,0)-1,MATCH(AB$1,ASISTENCIA!$3:$3,0)-5,1,1)),"") -> 3 | AC20: =OFFSET(ASISTENCIA!$E$1,MATCH($G20,ASISTENCIA!$E:$E,0)-1,MATCH(AC$1,ASISTENCIA!$3:$3,0)-5,1,1) | AD20: =OFFSET(ASISTENCIA!$E$1,MATCH($G20,ASISTENCIA!$E:$E,0)-1,MATCH(AD$1,ASISTENCIA!$3:$3,0)-5,1,1) | AE20: =IF(TODAY()>=$AE$1-6,SUM(OFFSET(DEVO!$F$1,MATCH($G20,DEVO!$E:$E,0)-1,MATCH(AB$1,DEVO!$1:$1,0)-6,1,7)),"") -> 7 | AF20: =IF(TODAY()>=$AI$1-6,SUM(OFFSET(ASISTENCIA!$E$1,MATCH($G20,ASISTENCIA!$E:$E,0)-1,MATCH(AF$1,ASISTENCIA!$3:$3,0)-5,1,1)),"") -> 1 | AG20: =OFFSET(ASISTENCIA!$E$1,MATCH($G20,ASISTENCIA!$E:$E,0)-1,MATCH(AG$1,ASISTENCIA!$3:$3,0)-5,1,1) | AH20: =OFFSET(ASISTENCIA!$E$1,MATCH($G20,ASISTENCIA!$E:$E,0)-1,MATCH(AH$1,ASISTENCIA!$3:$3,0)-5,1,1) | AI20: =IF(TODAY()>=$AI$1-6,SUM(OFFSET(DEVO!$F$1,MATCH($G20,DEVO!$E:$E,0)-1,MATCH(AF$1,DEVO!$1:$1,0)-6,1,7)),"") -> 7 | AJ20: =IF(TODAY()>=$AM$1-6,SUM(OFFSET(ASISTENCIA!$E$1,MATCH($G20,ASISTENCIA!$E:$E,0)-1,MATCH(AJ$1,ASISTENCIA!$3:$3,0)-5,1,1)),"") -> 2 | AK20: =OFFSET(ASISTENCIA!$E$1,MATCH($G20,ASISTENCIA!$E:$E,0)-1,MATCH(AK$1,ASISTENCIA!$3:$3,0)-5,1,1) | AL20: =OFFSET(ASISTENCIA!$E$1,MATCH($G20,ASISTENCIA!$E:$E,0)-1,MATCH(AL$1,ASISTENCIA!$3:$3,0)-5,1,1) | AM20: =IF(TODAY()>=$AM$1-6,SUM(OFFSET(DEVO!$F$1,MATCH($G20,DEVO!$E:$E,0)-1,MATCH(AJ$1,DEVO!$1:$1,0)-6,1,7)),"") -> 7 | AN20: =IF(TODAY()>=$AQ$1-6,SUM(OFFSET(ASISTENCIA!$E$1,MATCH($G20,ASISTENCIA!$E:$E,0)-1,MATCH(AN$1,ASISTENCIA!$3:$3,0)-5,1,1)),"") -> 3 | AO20: =OFFSET(ASISTENCIA!$E$1,MATCH($G20,ASISTENCIA!$E:$E,0)-1,MATCH(AO$1,ASISTENCIA!$3:$3,0)-5,1,1) | AP20: =OFFSET(ASISTENCIA!$E$1,MATCH($G20,ASISTENCIA!$E:$E,0)-1,MATCH(AP$1,ASISTENCIA!$3:$3,0)-5,1,1) | AQ20: =IF(TODAY()>=$AQ$1-6,SUM(OFFSET(DEVO!$F$1,MATCH($G20,DEVO!$E:$E,0)-1,MATCH(AN$1,DEVO!$1:$1,0)-6,1,7)),"") -> 7 | AR20: =IF(TODAY()>=$AU$1-6,SUM(OFFSET(ASISTENCIA!$E$1,MATCH($G20,ASISTENCIA!$E:$E,0)-1,MATCH(AR$1,ASISTENCIA!$3:$3,0)-5,1,1)),"") -> 2 | AS20: =OFFSET(ASISTENCIA!$E$1,MATCH($G20,ASISTENCIA!$E:$E,0)-1,MATCH(AS$1,ASISTENCIA!$3:$3,0)-5,1,1) | AT20: =OFFSET(ASISTENCIA!$E$1,MATCH($G20,ASISTENCIA!$E:$E,0)-1,MATCH(AT$1,ASISTENCIA!$3:$3,0)-5,1,1) | AU20: =IF(TODAY()>=$AU$1-6,SUM(OFFSET(DEVO!$F$1,MATCH($G20,DEVO!$E:$E,0)-1,MATCH(AR$1,DEVO!$1:$1,0)-6,1,7)),"") -> 4 | AV20: =OFFSET(ASISTENCIA!$E$1,MATCH($G20,ASISTENCIA!$E:$E,0)-1,MATCH(AV$1,ASISTENCIA!$3:$3,0)-5,1,1) -> 15 | AW20: =OFFSET(ASISTENCIA!$E$1,MATCH($G20,ASISTENCIA!$E:$E,0)-1,MATCH(AW$1,ASISTENCIA!$3:$3,0)-5,1,1) -> 20 | AY20: =IF(TODAY()>=$O$1-6,COUNTIF(L20,">"&0)," ") -> 0 | AZ20: =IF(TODAY()>=$S$1-6,COUNTIF(P20,">"&0)," ") -> 1 | BA20: =IF(TODAY()>=$W$1-6,COUNTIF(T20,">"&0)," ") -> 1 | BB20: =IF(TODAY()>=$AA$1-6,COUNTIF(X20,">"&0)," ") -> 1 | BC20: =IF(TODAY()>=$AE$1-6,COUNTIF(AB20,">"&0)," ") -> 1 | BD20: =IF(TODAY()>=$AI$1-6,COUNTIF(AF20,">"&0)," ") -> 1 | BE20: =IF(TODAY()>=$AM$1-6,COUNTIF(AJ20,">"&0)," ") -> 1 | BF20: =IF(TODAY()>=$AQ$1-6,COUNTIF(AN20,">"&0)," ") -> 1 | BG20: =IF(TODAY()>=$AU$1-6,COUNTIF(AR20,">"&0)," ") -> 1 | BH20: =IFERROR(SUM(AY20:BG20)/$BJ$2,0)*10 -> 8.8888889 | BI20: =VLOOKUP(BH20,$BX$4:$BY$11,2,1) -> BUENO | BJ20: =IF(TODAY()>=$O$1-6,VLOOKUP(10*SUMPRODUCT($BJ$1:$BM$1,L20:O20)/MIN((TODAY()-$O$1+7),7),$BX$15:$BY$22,2,1)," ") -> OBSERVADOS | BK20: =IF(TODAY()>=$S$1-6,VLOOKUP(10*SUMPRODUCT($BJ$1:$BM$1,P20:S20)/MIN((TODAY()-$S$1+7),7),$BX$15:$BY$22,2,1)," ") -> OBSERVADOS | BL20: =IF(TODAY()>=$W$1-6,VLOOKUP(10*SUMPRODUCT($BJ$1:$BM$1,T20:W20)/MIN((TODAY()-$W$1+7),7),$BX$15:$BY$22,2,1)," ") -> REGULARES | BM20: =IF(TODAY()>=$AA$1-6,VLOOKUP(10*SUMPRODUCT($BJ$1:$BM$1,X20:AA20)/MIN((TODAY()-$AA$1+7),7),$BX$15:$BY$22,2,1)," ") -> EXCELENTES | BN20: =IF(TODAY()>=$AE$1-6,VLOOKUP(10*SUMPRODUCT($BJ$1:$BM$1,AB20:AE20)/MIN((TODAY()-$AE$1+7),7),$BX$15:$BY$22,2,1)," ") -> EXCELENTES | BO20: =IF(TODAY()>=$AI$1-6,VLOOKUP(10*SUMPRODUCT($BJ$1:$BM$1,AF20:AI20)/MIN((TODAY()-$AI$1+7),7),$BX$15:$BY$22,2,1)," ") -> EXCELENTES | BP20: =IF(TODAY()>=$AM$1-6,VLOOKUP(10*SUMPRODUCT($BJ$1:$BM$1,AJ20:AM20)/MIN((TODAY()-$AM$1+7),7),$BX$15:$BY$22,2,1)," ") -> EXCELENTES | BQ20: =IF(TODAY()>=$AQ$1-6,VLOOKUP(10*SUMPRODUCT($BJ$1:$BM$1,AN20:AQ20)/MIN((TODAY()-$AQ$1+7),7),$BX$15:$BY$22,2,1)," ") -> EXCELENTES | BR20: =IF(TODAY()>=$AU$1-6,VLOOKUP(10*SUMPRODUCT($BJ$1:$BM$1,AR20:AU20)/MIN((TODAY()-$AU$1+7),7),$BX$15:$BY$22,2,1)," ") -> REGULARES | BS20: =OFFSET(ASISTENCIA!$E$1,MATCH($G20,ASISTENCIA!$E:$E,0)-1,MATCH(BS$1,ASISTENCIA!$3:$3,0)-5,1,1) | BT20: =OFFSET(ASISTENCIA!$E$1,MATCH($G20,ASISTENCIA!$E:$E,0)-1,MATCH(BT$1,ASISTENCIA!$3:$3,0)-5,1,1) -> William Bonifacio | BU20: =OFFSET(ASISTENCIA!$E$1,MATCH($G20,ASISTENCIA!$E:$E,0)-1,MATCH(BU$1,ASISTENCIA!$3:$3,0)-5,1,1) -> 981070518 | BV20: =OFFSET(ASISTENCIA!$E$1,MATCH($G20,ASISTENCIA!$E:$E,0)-1,MATCH(BV$1,ASISTENCIA!$3:$3,0)-5,1,1) | BX20: =IFERROR(__xludf.DUMMYFUNCTION("""COMPUTED_VALUE"""),9.285714285714286) -> 9.2857143 | BY20: =IFERROR(__xludf.DUMMYFUNCTION("""COMPUTED_VALUE"""),"BUENO") -> BUENO
A21: =1+A20 -> 18 | B21: =IFERROR(__xludf.DUMMYFUNCTION("""COMPUTED_VALUE"""),"ANTIOQUIANOS") -> ANTIOQUIANOS | C21: =IFERROR(__xludf.DUMMYFUNCTION("""COMPUTED_VALUE"""),"AUDI ESTELA SAHUANAY HUISACAYNA") -> AUDI ESTELA SAHUANAY HUISACAYNA | D21: =IFERROR(__xludf.DUMMYFUNCTION("""COMPUTED_VALUE"""),"ESC.LID-1499") -> ESC.LID-1499 | E21: =IFERROR(__xludf.DUMMYFUNCTION("""COMPUTED_VALUE"""),"C2133") -> C2133 | F21: =IFERROR(__xludf.DUMMYFUNCTION("""COMPUTED_VALUE"""),"SANCHEZ PEREZ, PAMELA ISABEL") -> SANCHEZ PEREZ, PAMELA ISABEL | G21: =IFERROR(__xludf.DUMMYFUNCTION("""COMPUTED_VALUE"""),"72759143") -> 72759143 | H21: =IFERROR(__xludf.DUMMYFUNCTION("""COMPUTED_VALUE"""),"993577173") -> 993577173 | J21: =DEVO!F22 | K21: =IF(I21>0,I21,J21) | L21: =IF(TODAY()>=$O$1-6,SUM(OFFSET(ASISTENCIA!$E$1,MATCH($G21,ASISTENCIA!$E:$E,0)-1,MATCH(L$1,ASISTENCIA!$3:$3,0)-5,1,1)),"") -> 1 | M21: =OFFSET(ASISTENCIA!$E$1,MATCH($G21,ASISTENCIA!$E:$E,0)-1,MATCH(M$1,ASISTENCIA!$3:$3,0)-5,1,1) | N21: =OFFSET(ASISTENCIA!$E$1,MATCH($G21,ASISTENCIA!$E:$E,0)-1,MATCH(N$1,ASISTENCIA!$3:$3,0)-5,1,1) | O21: =IF(TODAY()>=$O$1-6,SUM(OFFSET(DEVO!$F$1,MATCH($G21,DEVO!$E:$E,0)-1,MATCH(L$1,DEVO!$1:$1,0)-6,1,7)),"") -> 0 | P21: =IF(TODAY()>=$S$1-6,SUM(OFFSET(ASISTENCIA!$E$1,MATCH($G21,ASISTENCIA!$E:$E,0)-1,MATCH(P$1,ASISTENCIA!$3:$3,0)-5,1,1)),"") -> 0 | Q21: =OFFSET(ASISTENCIA!$E$1,MATCH($G21,ASISTENCIA!$E:$E,0)-1,MATCH(Q$1,ASISTENCIA!$3:$3,0)-5,1,1) | R21: =OFFSET(ASISTENCIA!$E$1,MATCH($G21,ASISTENCIA!$E:$E,0)-1,MATCH(R$1,ASISTENCIA!$3:$3,0)-5,1,1) | S21: =IF(TODAY()>=$S$1-6,SUM(OFFSET(DEVO!$F$1,MATCH($G21,DEVO!$E:$E,0)-1,MATCH(P$1,DEVO!$1:$1,0)-6,1,7)),"") -> 0 | T21: =IF(TODAY()>=$W$1-6,SUM(OFFSET(ASISTENCIA!$E$1,MATCH($G21,ASISTENCIA!$E:$E,0)-1,MATCH(T$1,ASISTENCIA!$3:$3,0)-5,1,1)),"") -> 0 | U21: =OFFSET(ASISTENCIA!$E$1,MATCH($G21,ASISTENCIA!$E:$E,0)-1,MATCH(U$1,ASISTENCIA!$3:$3,0)-5,1,1) | V21: =OFFSET(ASISTENCIA!$E$1,MATCH($G21,ASISTENCIA!$E:$E,0)-1,MATCH(V$1,ASISTENCIA!$3:$3,0)-5,1,1) | W21: =IF(TODAY()>=$W$1-6,SUM(OFFSET(DEVO!$F$1,MATCH($G21,DEVO!$E:$E,0)-1,MATCH(T$1,DEVO!$1:$1,0)-6,1,7)),"") -> 0 | X21: =IF(TODAY()>=$AA$1-6,SUM(OFFSET(ASISTENCIA!$E$1,MATCH($G21,ASISTENCIA!$E:$E,0)-1,MATCH(X$1,ASISTENCIA!$3:$3,0)-5,1,1)),"") -> 4 | Y21: =OFFSET(ASISTENCIA!$E$1,MATCH($G21,ASISTENCIA!$E:$E,0)-1,MATCH(Y$1,ASISTENCIA!$3:$3,0)-5,1,1) | Z21: =OFFSET(ASISTENCIA!$E$1,MATCH($G21,ASISTENCIA!$E:$E,0)-1,MATCH(Z$1,ASISTENCIA!$3:$3,0)-5,1,1) | AA21: =IF(TODAY()>=$AA$1-6,SUM(OFFSET(DEVO!$F$1,MATCH($G21,DEVO!$E:$E,0)-1,MATCH(X$1,DEVO!$1:$1,0)-6,1,7)),"") -> 6 | AB21: =IF(TODAY()>=$AE$1-6,SUM(OFFSET(ASISTENCIA!$E$1,MATCH($G21,ASISTENCIA!$E:$E,0)-1,MATCH(AB$1,ASISTENCIA!$3:$3,0)-5,1,1)),"") -> 5 | AC21: =OFFSET(ASISTENCIA!$E$1,MATCH($G21,ASISTENCIA!$E:$E,0)-1,MATCH(AC$1,ASISTENCIA!$3:$3,0)-5,1,1) | AD21: =OFFSET(ASISTENCIA!$E$1,MATCH($G21,ASISTENCIA!$E:$E,0)-1,MATCH(AD$1,ASISTENCIA!$3:$3,0)-5,1,1) -> 2 | AE21: =IF(TODAY()>=$AE$1-6,SUM(OFFSET(DEVO!$F$1,MATCH($G21,DEVO!$E:$E,0)-1,MATCH(AB$1,DEVO!$1:$1,0)-6,1,7)),"") -> 0 | AF21: =IF(TODAY()>=$AI$1-6,SUM(OFFSET(ASISTENCIA!$E$1,MATCH($G21,ASISTENCIA!$E:$E,0)-1,MATCH(AF$1,ASISTENCIA!$3:$3,0)-5,1,1)),"") -> 4 | AG21: =OFFSET(ASISTENCIA!$E$1,MATCH($G21,ASISTENCIA!$E:$E,0)-1,MATCH(AG$1,ASISTENCIA!$3:$3,0)-5,1,1) | AH21: =OFFSET(ASISTENCIA!$E$1,MATCH($G21,ASISTENCIA!$E:$E,0)-1,MATCH(AH$1,ASISTENCIA!$3:$3,0)-5,1,1) | AI21: =IF(TODAY()>=$AI$1-6,SUM(OFFSET(DEVO!$F$1,MATCH($G21,DEVO!$E:$E,0)-1,MATCH(AF$1,DEVO!$1:$1,0)-6,1,7)),"") -> 0 | AJ21: =IF(TODAY()>=$AM$1-6,SUM(OFFSET(ASISTENCIA!$E$1,MATCH($G21,ASISTENCIA!$E:$E,0)-1,MATCH(AJ$1,ASISTENCIA!$3:$3,0)-5,1,1)),"") -> 1 | AK21: =OFFSET(ASISTENCIA!$E$1,MATCH($G21,ASISTENCIA!$E:$E,0)-1,MATCH(AK$1,ASISTENCIA!$3:$3,0)-5,1,1) | AL21: =OFFSET(ASISTENCIA!$E$1,MATCH($G21,ASISTENCIA!$E:$E,0)-1,MATCH(AL$1,ASISTENCIA!$3:$3,0)-5,1,1) | AM21: =IF(TODAY()>=$AM$1-6,SUM(OFFSET(DEVO!$F$1,MATCH($G21,DEVO!$E:$E,0)-1,MATCH(AJ$1,DEVO!$1:$1,0)-6,1,7)),"") -> 0 | AN21: =IF(TODAY()>=$AQ$1-6,SUM(OFFSET(ASISTENCIA!$E$1,MATCH($G21,ASISTENCIA!$E:$E,0)-1,MATCH(AN$1,ASISTENCIA!$3:$3,0)-5,1,1)),"") -> 1 | AO21: =OFFSET(ASISTENCIA!$E$1,MATCH($G21,ASISTENCIA!$E:$E,0)-1,MATCH(AO$1,ASISTENCIA!$3:$3,0)-5,1,1) | AP21: =OFFSET(ASISTENCIA!$E$1,MATCH($G21,ASISTENCIA!$E:$E,0)-1,MATCH(AP$1,ASISTENCIA!$3:$3,0)-5,1,1) | AQ21: =IF(TODAY()>=$AQ$1-6,SUM(OFFSET(DEVO!$F$1,MATCH($G21,DEVO!$E:$E,0)-1,MATCH(AN$1,DEVO!$1:$1,0)-6,1,7)),"") -> 0 | AR21: =IF(TODAY()>=$AU$1-6,SUM(OFFSET(ASISTENCIA!$E$1,MATCH($G21,ASISTENCIA!$E:$E,0)-1,MATCH(AR$1,ASISTENCIA!$3:$3,0)-5,1,1)),"") -> 1 | AS21: =OFFSET(ASISTENCIA!$E$1,MATCH($G21,ASISTENCIA!$E:$E,0)-1,MATCH(AS$1,ASISTENCIA!$3:$3,0)-5,1,1) | AT21: =OFFSET(ASISTENCIA!$E$1,MATCH($G21,ASISTENCIA!$E:$E,0)-1,MATCH(AT$1,ASISTENCIA!$3:$3,0)-5,1,1) | AU21: =IF(TODAY()>=$AU$1-6,SUM(OFFSET(DEVO!$F$1,MATCH($G21,DEVO!$E:$E,0)-1,MATCH(AR$1,DEVO!$1:$1,0)-6,1,7)),"") -> 0 | AV21: =OFFSET(ASISTENCIA!$E$1,MATCH($G21,ASISTENCIA!$E:$E,0)-1,MATCH(AV$1,ASISTENCIA!$3:$3,0)-5,1,1) -> 13 | AW21: =OFFSET(ASISTENCIA!$E$1,MATCH($G21,ASISTENCIA!$E:$E,0)-1,MATCH(AW$1,ASISTENCIA!$3:$3,0)-5,1,1) -> 20 | AY21: =IF(TODAY()>=$O$1-6,COUNTIF(L21,">"&0)," ") -> 1 | AZ21: =IF(TODAY()>=$S$1-6,COUNTIF(P21,">"&0)," ") -> 0 | BA21: =IF(TODAY()>=$W$1-6,COUNTIF(T21,">"&0)," ") -> 0 | BB21: =IF(TODAY()>=$AA$1-6,COUNTIF(X21,">"&0)," ") -> 1 | BC21: =IF(TODAY()>=$AE$1-6,COUNTIF(AB21,">"&0)," ") -> 1 | BD21: =IF(TODAY()>=$AI$1-6,COUNTIF(AF21,">"&0)," ") -> 1 | BE21: =IF(TODAY()>=$AM$1-6,COUNTIF(AJ21,">"&0)," ") -> 1 | BF21: =IF(TODAY()>=$AQ$1-6,COUNTIF(AN21,">"&0)," ") -> 1 | BG21: =IF(TODAY()>=$AU$1-6,COUNTIF(AR21,">"&0)," ") -> 1 | BH21: =IFERROR(SUM(AY21:BG21)/$BJ$2,0)*10 -> 7.7777778 | BI21: =VLOOKUP(BH21,$BX$4:$BY$11,2,1) -> REGULARES | BJ21: =IF(TODAY()>=$O$1-6,VLOOKUP(10*SUMPRODUCT($BJ$1:$BM$1,L21:O21)/MIN((TODAY()-$O$1+7),7),$BX$15:$BY$22,2,1)," ") -> OBSERVADOS | BK21: =IF(TODAY()>=$S$1-6,VLOOKUP(10*SUMPRODUCT($BJ$1:$BM$1,P21:S21)/MIN((TODAY()-$S$1+7),7),$BX$15:$BY$22,2,1)," ") -> OBSERVADOS | BL21: =IF(TODAY()>=$W$1-6,VLOOKUP(10*SUMPRODUCT($BJ$1:$BM$1,T21:W21)/MIN((TODAY()-$W$1+7),7),$BX$15:$BY$22,2,1)," ") -> OBSERVADOS | BM21: =IF(TODAY()>=$AA$1-6,VLOOKUP(10*SUMPRODUCT($BJ$1:$BM$1,X21:AA21)/MIN((TODAY()-$AA$1+7),7),$BX$15:$BY$22,2,1)," ") -> BUENO | BN21: =IF(TODAY()>=$AE$1-6,VLOOKUP(10*SUMPRODUCT($BJ$1:$BM$1,AB21:AE21)/MIN((TODAY()-$AE$1+7),7),$BX$15:$BY$22,2,1)," ") -> OBSERVADOS | BO21: =IF(TODAY()>=$AI$1-6,VLOOKUP(10*SUMPRODUCT($BJ$1:$BM$1,AF21:AI21)/MIN((TODAY()-$AI$1+7),7),$BX$15:$BY$22,2,1)," ") -> OBSERVADOS | BP21: =IF(TODAY()>=$AM$1-6,VLOOKUP(10*SUMPRODUCT($BJ$1:$BM$1,AJ21:AM21)/MIN((TODAY()-$AM$1+7),7),$BX$15:$BY$22,2,1)," ") -> OBSERVADOS | BQ21: =IF(TODAY()>=$AQ$1-6,VLOOKUP(10*SUMPRODUCT($BJ$1:$BM$1,AN21:AQ21)/MIN((TODAY()-$AQ$1+7),7),$BX$15:$BY$22,2,1)," ") -> OBSERVADOS | BR21: =IF(TODAY()>=$AU$1-6,VLOOKUP(10*SUMPRODUCT($BJ$1:$BM$1,AR21:AU21)/MIN((TODAY()-$AU$1+7),7),$BX$15:$BY$22,2,1)," ") -> OBSERVADOS | BS21: =OFFSET(ASISTENCIA!$E$1,MATCH($G21,ASISTENCIA!$E:$E,0)-1,MATCH(BS$1,ASISTENCIA!$3:$3,0)-5,1,1) -> Está estudiando y trabajando y no tiene tiempo | BT21: =OFFSET(ASISTENCIA!$E$1,MATCH($G21,ASISTENCIA!$E:$E,0)-1,MATCH(BT$1,ASISTENCIA!$3:$3,0)-5,1,1) -> Katerine Salas | BU21: =OFFSET(ASISTENCIA!$E$1,MATCH($G21,ASISTENCIA!$E:$E,0)-1,MATCH(BU$1,ASISTENCIA!$3:$3,0)-5,1,1) -> 950198680 | BV21: =OFFSET(ASISTENCIA!$E$1,MATCH($G21,ASISTENCIA!$E:$E,0)-1,MATCH(BV$1,ASISTENCIA!$3:$3,0)-5,1,1) | BX21: =IFERROR(__xludf.DUMMYFUNCTION("""COMPUTED_VALUE"""),9.295714285714286) -> 9.2957143 | BY21: =IFERROR(__xludf.DUMMYFUNCTION("""COMPUTED_VALUE"""),"EXCELENTES") -> EXCELENTES
A22: =1+A21 -> 19 | B22: =IFERROR(__xludf.DUMMYFUNCTION("""COMPUTED_VALUE"""),"ANTIOQUIANOS") -> ANTIOQUIANOS | C22: =IFERROR(__xludf.DUMMYFUNCTION("""COMPUTED_VALUE"""),"AUDI ESTELA SAHUANAY HUISACAYNA") -> AUDI ESTELA SAHUANAY HUISACAYNA | D22: =IFERROR(__xludf.DUMMYFUNCTION("""COMPUTED_VALUE"""),"ESC.LID-1504") -> ESC.LID-1504 | E22: =IFERROR(__xludf.DUMMYFUNCTION("""COMPUTED_VALUE"""),"C1192") -> C1192 | F22: =IFERROR(__xludf.DUMMYFUNCTION("""COMPUTED_VALUE"""),"COELLO PACHECO, JULIO CESAR") -> COELLO PACHECO, JULIO CESAR | G22: =IFERROR(__xludf.DUMMYFUNCTION("""COMPUTED_VALUE"""),"21497420") -> 21497420 | H22: =IFERROR(__xludf.DUMMYFUNCTION("""COMPUTED_VALUE"""),"946049363") -> 946049363 | J22: =DEVO!F23 | K22: =IF(I22>0,I22,J22) | L22: =IF(TODAY()>=$O$1-6,SUM(OFFSET(ASISTENCIA!$E$1,MATCH($G22,ASISTENCIA!$E:$E,0)-1,MATCH(L$1,ASISTENCIA!$3:$3,0)-5,1,1)),"") -> 0 | M22: =OFFSET(ASISTENCIA!$E$1,MATCH($G22,ASISTENCIA!$E:$E,0)-1,MATCH(M$1,ASISTENCIA!$3:$3,0)-5,1,1) | N22: =OFFSET(ASISTENCIA!$E$1,MATCH($G22,ASISTENCIA!$E:$E,0)-1,MATCH(N$1,ASISTENCIA!$3:$3,0)-5,1,1) | O22: =IF(TODAY()>=$O$1-6,SUM(OFFSET(DEVO!$F$1,MATCH($G22,DEVO!$E:$E,0)-1,MATCH(L$1,DEVO!$1:$1,0)-6,1,7)),"") -> 0 | P22: =IF(TODAY()>=$S$1-6,SUM(OFFSET(ASISTENCIA!$E$1,MATCH($G22,ASISTENCIA!$E:$E,0)-1,MATCH(P$1,ASISTENCIA!$3:$3,0)-5,1,1)),"") -> 0 | Q22: =OFFSET(ASISTENCIA!$E$1,MATCH($G22,ASISTENCIA!$E:$E,0)-1,MATCH(Q$1,ASISTENCIA!$3:$3,0)-5,1,1) | R22: =OFFSET(ASISTENCIA!$E$1,MATCH($G22,ASISTENCIA!$E:$E,0)-1,MATCH(R$1,ASISTENCIA!$3:$3,0)-5,1,1) | S22: =IF(TODAY()>=$S$1-6,SUM(OFFSET(DEVO!$F$1,MATCH($G22,DEVO!$E:$E,0)-1,MATCH(P$1,DEVO!$1:$1,0)-6,1,7)),"") -> 0 | T22: =IF(TODAY()>=$W$1-6,SUM(OFFSET(ASISTENCIA!$E$1,MATCH($G22,ASISTENCIA!$E:$E,0)-1,MATCH(T$1,ASISTENCIA!$3:$3,0)-5,1,1)),"") -> 0 | U22: =OFFSET(ASISTENCIA!$E$1,MATCH($G22,ASISTENCIA!$E:$E,0)-1,MATCH(U$1,ASISTENCIA!$3:$3,0)-5,1,1) | V22: =OFFSET(ASISTENCIA!$E$1,MATCH($G22,ASISTENCIA!$E:$E,0)-1,MATCH(V$1,ASISTENCIA!$3:$3,0)-5,1,1) | W22: =IF(TODAY()>=$W$1-6,SUM(OFFSET(DEVO!$F$1,MATCH($G22,DEVO!$E:$E,0)-1,MATCH(T$1,DEVO!$1:$1,0)-6,1,7)),"") -> 0 | X22: =IF(TODAY()>=$AA$1-6,SUM(OFFSET(ASISTENCIA!$E$1,MATCH($G22,ASISTENCIA!$E:$E,0)-1,MATCH(X$1,ASISTENCIA!$3:$3,0)-5,1,1)),"") -> 1 | Y22: =OFFSET(ASISTENCIA!$E$1,MATCH($G22,ASISTENCIA!$E:$E,0)-1,MATCH(Y$1,ASISTENCIA!$3:$3,0)-5,1,1) -> 5 | Z22: =OFFSET(ASISTENCIA!$E$1,MATCH($G22,ASISTENCIA!$E:$E,0)-1,MATCH(Z$1,ASISTENCIA!$3:$3,0)-5,1,1) -> 1 | AA22: =IF(TODAY()>=$AA$1-6,SUM(OFFSET(DEVO!$F$1,MATCH($G22,DEVO!$E:$E,0)-1,MATCH(X$1,DEVO!$1:$1,0)-6,1,7)),"") -> 0 | AB22: =IF(TODAY()>=$AE$1-6,SUM(OFFSET(ASISTENCIA!$E$1,MATCH($G22,ASISTENCIA!$E:$E,0)-1,MATCH(AB$1,ASISTENCIA!$3:$3,0)-5,1,1)),"") -> 1 | AC22: =OFFSET(ASISTENCIA!$E$1,MATCH($G22,ASISTENCIA!$E:$E,0)-1,MATCH(AC$1,ASISTENCIA!$3:$3,0)-5,1,1) | AD22: =OFFSET(ASISTENCIA!$E$1,MATCH($G22,ASISTENCIA!$E:$E,0)-1,MATCH(AD$1,ASISTENCIA!$3:$3,0)-5,1,1) -> 2 | AE22: =IF(TODAY()>=$AE$1-6,SUM(OFFSET(DEVO!$F$1,MATCH($G22,DEVO!$E:$E,0)-1,MATCH(AB$1,DEVO!$1:$1,0)-6,1,7)),"") -> 5 | AF22: =IF(TODAY()>=$AI$1-6,SUM(OFFSET(ASISTENCIA!$E$1,MATCH($G22,ASISTENCIA!$E:$E,0)-1,MATCH(AF$1,ASISTENCIA!$3:$3,0)-5,1,1)),"") -> 2 | AG22: =OFFSET(ASISTENCIA!$E$1,MATCH($G22,ASISTENCIA!$E:$E,0)-1,MATCH(AG$1,ASISTENCIA!$3:$3,0)-5,1,1) | AH22: =OFFSET(ASISTENCIA!$E$1,MATCH($G22,ASISTENCIA!$E:$E,0)-1,MATCH(AH$1,ASISTENCIA!$3:$3,0)-5,1,1) -> 2 | AI22: =IF(TODAY()>=$AI$1-6,SUM(OFFSET(DEVO!$F$1,MATCH($G22,DEVO!$E:$E,0)-1,MATCH(AF$1,DEVO!$1:$1,0)-6,1,7)),"") -> 7 | AJ22: =IF(TODAY()>=$AM$1-6,SUM(OFFSET(ASISTENCIA!$E$1,MATCH($G22,ASISTENCIA!$E:$E,0)-1,MATCH(AJ$1,ASISTENCIA!$3:$3,0)-5,1,1)),"") -> 1 | AK22: =OFFSET(ASISTENCIA!$E$1,MATCH($G22,ASISTENCIA!$E:$E,0)-1,MATCH(AK$1,ASISTENCIA!$3:$3,0)-5,1,1) | AL22: =OFFSET(ASISTENCIA!$E$1,MATCH($G22,ASISTENCIA!$E:$E,0)-1,MATCH(AL$1,ASISTENCIA!$3:$3,0)-5,1,1) -> 2 | AM22: =IF(TODAY()>=$AM$1-6,SUM(OFFSET(DEVO!$F$1,MATCH($G22,DEVO!$E:$E,0)-1,MATCH(AJ$1,DEVO!$1:$1,0)-6,1,7)),"") -> 7 | AN22: =IF(TODAY()>=$AQ$1-6,SUM(OFFSET(ASISTENCIA!$E$1,MATCH($G22,ASISTENCIA!$E:$E,0)-1,MATCH(AN$1,ASISTENCIA!$3:$3,0)-5,1,1)),"") -> 1 | AO22: =OFFSET(ASISTENCIA!$E$1,MATCH($G22,ASISTENCIA!$E:$E,0)-1,MATCH(AO$1,ASISTENCIA!$3:$3,0)-5,1,1) | AP22: =OFFSET(ASISTENCIA!$E$1,MATCH($G22,ASISTENCIA!$E:$E,0)-1,MATCH(AP$1,ASISTENCIA!$3:$3,0)-5,1,1) -> 2 | AQ22: =IF(TODAY()>=$AQ$1-6,SUM(OFFSET(DEVO!$F$1,MATCH($G22,DEVO!$E:$E,0)-1,MATCH(AN$1,DEVO!$1:$1,0)-6,1,7)),"") -> 7 | AR22: =IF(TODAY()>=$AU$1-6,SUM(OFFSET(ASISTENCIA!$E$1,MATCH($G22,ASISTENCIA!$E:$E,0)-1,MATCH(AR$1,ASISTENCIA!$3:$3,0)-5,1,1)),"") -> 2 | AS22: =OFFSET(ASISTENCIA!$E$1,MATCH($G22,ASISTENCIA!$E:$E,0)-1,MATCH(AS$1,ASISTENCIA!$3:$3,0)-5,1,1) | AT22: =OFFSET(ASISTENCIA!$E$1,MATCH($G22,ASISTENCIA!$E:$E,0)-1,MATCH(AT$1,ASISTENCIA!$3:$3,0)-5,1,1) -> 2 | AU22: =IF(TODAY()>=$AU$1-6,SUM(OFFSET(DEVO!$F$1,MATCH($G22,DEVO!$E:$E,0)-1,MATCH(AR$1,DEVO!$1:$1,0)-6,1,7)),"") -> 4 | AV22: =OFFSET(ASISTENCIA!$E$1,MATCH($G22,ASISTENCIA!$E:$E,0)-1,MATCH(AV$1,ASISTENCIA!$3:$3,0)-5,1,1) -> 11 | AW22: =OFFSET(ASISTENCIA!$E$1,MATCH($G22,ASISTENCIA!$E:$E,0)-1,MATCH(AW$1,ASISTENCIA!$3:$3,0)-5,1,1) -> 20 | AY22: =IF(TODAY()>=$O$1-6,COUNTIF(L22,">"&0)," ") -> 0 | AZ22: =IF(TODAY()>=$S$1-6,COUNTIF(P22,">"&0)," ") -> 0 | BA22: =IF(TODAY()>=$W$1-6,COUNTIF(T22,">"&0)," ") -> 0 | BB22: =IF(TODAY()>=$AA$1-6,COUNTIF(X22,">"&0)," ") -> 1 | BC22: =IF(TODAY()>=$AE$1-6,COUNTIF(AB22,">"&0)," ") -> 1 | BD22: =IF(TODAY()>=$AI$1-6,COUNTIF(AF22,">"&0)," ") -> 1 | BE22: =IF(TODAY()>=$AM$1-6,COUNTIF(AJ22,">"&0)," ") -> 1 | BF22: =IF(TODAY()>=$AQ$1-6,COUNTIF(AN22,">"&0)," ") -> 1 | BG22: =IF(TODAY()>=$AU$1-6,COUNTIF(AR22,">"&0)," ") -> 1 | BH22: =IFERROR(SUM(AY22:BG22)/$BJ$2,0)*10 -> 6.6666667 | BI22: =VLOOKUP(BH22,$BX$4:$BY$11,2,1) -> REGULARES | BJ22: =IF(TODAY()>=$O$1-6,VLOOKUP(10*SUMPRODUCT($BJ$1:$BM$1,L22:O22)/MIN((TODAY()-$O$1+7),7),$BX$15:$BY$22,2,1)," ") -> OBSERVADOS | BK22: =IF(TODAY()>=$S$1-6,VLOOKUP(10*SUMPRODUCT($BJ$1:$BM$1,P22:S22)/MIN((TODAY()-$S$1+7),7),$BX$15:$BY$22,2,1)," ") -> OBSERVADOS | BL22: =IF(TODAY()>=$W$1-6,VLOOKUP(10*SUMPRODUCT($BJ$1:$BM$1,T22:W22)/MIN((TODAY()-$W$1+7),7),$BX$15:$BY$22,2,1)," ") -> OBSERVADOS | BM22: =IF(TODAY()>=$AA$1-6,VLOOKUP(10*SUMPRODUCT($BJ$1:$BM$1,X22:AA22)/MIN((TODAY()-$AA$1+7),7),$BX$15:$BY$22,2,1)," ") -> OBSERVADOS | BN22: =IF(TODAY()>=$AE$1-6,VLOOKUP(10*SUMPRODUCT($BJ$1:$BM$1,AB22:AE22)/MIN((TODAY()-$AE$1+7),7),$BX$15:$BY$22,2,1)," ") -> BUENO | BO22: =IF(TODAY()>=$AI$1-6,VLOOKUP(10*SUMPRODUCT($BJ$1:$BM$1,AF22:AI22)/MIN((TODAY()-$AI$1+7),7),$BX$15:$BY$22,2,1)," ") -> EXCELENTES | BP22: =IF(TODAY()>=$AM$1-6,VLOOKUP(10*SUMPRODUCT($BJ$1:$BM$1,AJ22:AM22)/MIN((TODAY()-$AM$1+7),7),$BX$15:$BY$22,2,1)," ") -> EXCELENTES | BQ22: =IF(TODAY()>=$AQ$1-6,VLOOKUP(10*SUMPRODUCT($BJ$1:$BM$1,AN22:AQ22)/MIN((TODAY()-$AQ$1+7),7),$BX$15:$BY$22,2,1)," ") -> EXCELENTES | BR22: =IF(TODAY()>=$AU$1-6,VLOOKUP(10*SUMPRODUCT($BJ$1:$BM$1,AR22:AU22)/MIN((TODAY()-$AU$1+7),7),$BX$15:$BY$22,2,1)," ") -> REGULARES | BS22: =OFFSET(ASISTENCIA!$E$1,MATCH($G22,ASISTENCIA!$E:$E,0)-1,MATCH(BS$1,ASISTENCIA!$3:$3,0)-5,1,1) -> El trabajo no es del libro, es una monografía sobre la soledad. | BT22: =OFFSET(ASISTENCIA!$E$1,MATCH($G22,ASISTENCIA!$E:$E,0)-1,MATCH(BT$1,ASISTENCIA!$3:$3,0)-5,1,1) -> Henry Quiroz | BU22: =OFFSET(ASISTENCIA!$E$1,MATCH($G22,ASISTENCIA!$E:$E,0)-1,MATCH(BU$1,ASISTENCIA!$3:$3,0)-5,1,1) -> 959480317 | BV22: =OFFSET(ASISTENCIA!$E$1,MATCH($G22,ASISTENCIA!$E:$E,0)-1,MATCH(BV$1,ASISTENCIA!$3:$3,0)-5,1,1) | BX22: =IFERROR(__xludf.DUMMYFUNCTION("""COMPUTED_VALUE"""),100.0) -> 100 | BY22: =IFERROR(__xludf.DUMMYFUNCTION("""COMPUTED_VALUE"""),"EXCELENTES") -> EXCELENTES
A23: =1+A22 -> 20 | J23: =DEVO!F24 | K23: =IF(I23>0,I23,J23) | L23: =IF(TODAY()>=$O$1-6,SUM(OFFSET(ASISTENCIA!$E$1,MATCH($G23,ASISTENCIA!$E:$E,0)-1,MATCH(L$1,ASISTENCIA!$3:$3,0)-5,1,1)),"") -> #N/A | M23: =OFFSET(ASISTENCIA!$E$1,MATCH($G23,ASISTENCIA!$E:$E,0)-1,MATCH(M$1,ASISTENCIA!$3:$3,0)-5,1,1) -> #N/A | N23: =OFFSET(ASISTENCIA!$E$1,MATCH($G23,ASISTENCIA!$E:$E,0)-1,MATCH(N$1,ASISTENCIA!$3:$3,0)-5,1,1) -> #N/A | O23: =IF(TODAY()>=$O$1-6,SUM(OFFSET(DEVO!$F$1,MATCH($G23,DEVO!$E:$E,0)-1,MATCH(L$1,DEVO!$1:$1,0)-6,1,7)),"") -> #N/A | P23: =IF(TODAY()>=$S$1-6,SUM(OFFSET(ASISTENCIA!$E$1,MATCH($G23,ASISTENCIA!$E:$E,0)-1,MATCH(P$1,ASISTENCIA!$3:$3,0)-5,1,1)),"") -> #N/A | Q23: =OFFSET(ASISTENCIA!$E$1,MATCH($G23,ASISTENCIA!$E:$E,0)-1,MATCH(Q$1,ASISTENCIA!$3:$3,0)-5,1,1) -> #N/A | R23: =OFFSET(ASISTENCIA!$E$1,MATCH($G23,ASISTENCIA!$E:$E,0)-1,MATCH(R$1,ASISTENCIA!$3:$3,0)-5,1,1) -> #N/A | S23: =IF(TODAY()>=$S$1-6,SUM(OFFSET(DEVO!$F$1,MATCH($G23,DEVO!$E:$E,0)-1,MATCH(P$1,DEVO!$1:$1,0)-6,1,7)),"") -> #N/A | T23: =IF(TODAY()>=$W$1-6,SUM(OFFSET(ASISTENCIA!$E$1,MATCH($G23,ASISTENCIA!$E:$E,0)-1,MATCH(T$1,ASISTENCIA!$3:$3,0)-5,1,1)),"") -> #N/A | U23: =OFFSET(ASISTENCIA!$E$1,MATCH($G23,ASISTENCIA!$E:$E,0)-1,MATCH(U$1,ASISTENCIA!$3:$3,0)-5,1,1) -> #N/A | V23: =OFFSET(ASISTENCIA!$E$1,MATCH($G23,ASISTENCIA!$E:$E,0)-1,MATCH(V$1,ASISTENCIA!$3:$3,0)-5,1,1) -> #N/A | W23: =IF(TODAY()>=$W$1-6,SUM(OFFSET(DEVO!$F$1,MATCH($G23,DEVO!$E:$E,0)-1,MATCH(T$1,DEVO!$1:$1,0)-6,1,7)),"") -> #N/A | X23: =IF(TODAY()>=$AA$1-6,SUM(OFFSET(ASISTENCIA!$E$1,MATCH($G23,ASISTENCIA!$E:$E,0)-1,MATCH(X$1,ASISTENCIA!$3:$3,0)-5,1,1)),"") -> #N/A | Y23: =OFFSET(ASISTENCIA!$E$1,MATCH($G23,ASISTENCIA!$E:$E,0)-1,MATCH(Y$1,ASISTENCIA!$3:$3,0)-5,1,1) -> #N/A | Z23: =OFFSET(ASISTENCIA!$E$1,MATCH($G23,ASISTENCIA!$E:$E,0)-1,MATCH(Z$1,ASISTENCIA!$3:$3,0)-5,1,1) -> #N/A | AA23: =IF(TODAY()>=$AA$1-6,SUM(OFFSET(DEVO!$F$1,MATCH($G23,DEVO!$E:$E,0)-1,MATCH(X$1,DEVO!$1:$1,0)-6,1,7)),"") -> #N/A | AB23: =IF(TODAY()>=$AE$1-6,SUM(OFFSET(ASISTENCIA!$E$1,MATCH($G23,ASISTENCIA!$E:$E,0)-1,MATCH(AB$1,ASISTENCIA!$3:$3,0)-5,1,1)),"") -> #N/A | AC23: =OFFSET(ASISTENCIA!$E$1,MATCH($G23,ASISTENCIA!$E:$E,0)-1,MATCH(AC$1,ASISTENCIA!$3:$3,0)-5,1,1) -> #N/A | AD23: =OFFSET(ASISTENCIA!$E$1,MATCH($G23,ASISTENCIA!$E:$E,0)-1,MATCH(AD$1,ASISTENCIA!$3:$3,0)-5,1,1) -> #N/A | AE23: =IF(TODAY()>=$AE$1-6,SUM(OFFSET(DEVO!$F$1,MATCH($G23,DEVO!$E:$E,0)-1,MATCH(AB$1,DEVO!$1:$1,0)-6,1,7)),"") -> #N/A | AF23: =IF(TODAY()>=$AI$1-6,SUM(OFFSET(ASISTENCIA!$E$1,MATCH($G23,ASISTENCIA!$E:$E,0)-1,MATCH(AF$1,ASISTENCIA!$3:$3,0)-5,1,1)),"") -> #N/A | AG23: =OFFSET(ASISTENCIA!$E$1,MATCH($G23,ASISTENCIA!$E:$E,0)-1,MATCH(AG$1,ASISTENCIA!$3:$3,0)-5,1,1) -> #N/A | AH23: =OFFSET(ASISTENCIA!$E$1,MATCH($G23,ASISTENCIA!$E:$E,0)-1,MATCH(AH$1,ASISTENCIA!$3:$3,0)-5,1,1) -> #N/A | AI23: =IF(TODAY()>=$AI$1-6,SUM(OFFSET(DEVO!$F$1,MATCH($G23,DEVO!$E:$E,0)-1,MATCH(AF$1,DEVO!$1:$1,0)-6,1,7)),"") -> #N/A | AJ23: =IF(TODAY()>=$AM$1-6,SUM(OFFSET(ASISTENCIA!$E$1,MATCH($G23,ASISTENCIA!$E:$E,0)-1,MATCH(AJ$1,ASISTENCIA!$3:$3,0)-5,1,1)),"") -> #N/A | AK23: =OFFSET(ASISTENCIA!$E$1,MATCH($G23,ASISTENCIA!$E:$E,0)-1,MATCH(AK$1,ASISTENCIA!$3:$3,0)-5,1,1) -> #N/A | AL23: =OFFSET(ASISTENCIA!$E$1,MATCH($G23,ASISTENCIA!$E:$E,0)-1,MATCH(AL$1,ASISTENCIA!$3:$3,0)-5,1,1) -> #N/A | AM23: =IF(TODAY()>=$AM$1-6,SUM(OFFSET(DEVO!$F$1,MATCH($G23,DEVO!$E:$E,0)-1,MATCH(AJ$1,DEVO!$1:$1,0)-6,1,7)),"") -> #N/A | AN23: =IF(TODAY()>=$AQ$1-6,SUM(OFFSET(ASISTENCIA!$E$1,MATCH($G23,ASISTENCIA!$E:$E,0)-1,MATCH(AN$1,ASISTENCIA!$3:$3,0)-5,1,1)),"") -> #N/A | AO23: =OFFSET(ASISTENCIA!$E$1,MATCH($G23,ASISTENCIA!$E:$E,0)-1,MATCH(AO$1,ASISTENCIA!$3:$3,0)-5,1,1) -> #N/A | AP23: =OFFSET(ASISTENCIA!$E$1,MATCH($G23,ASISTENCIA!$E:$E,0)-1,MATCH(AP$1,ASISTENCIA!$3:$3,0)-5,1,1) -> #N/A | AQ23: =IF(TODAY()>=$AQ$1-6,SUM(OFFSET(DEVO!$F$1,MATCH($G23,DEVO!$E:$E,0)-1,MATCH(AN$1,DEVO!$1:$1,0)-6,1,7)),"") -> #N/A | AR23: =IF(TODAY()>=$AU$1-6,SUM(OFFSET(ASISTENCIA!$E$1,MATCH($G23,ASISTENCIA!$E:$E,0)-1,MATCH(AR$1,ASISTENCIA!$3:$3,0)-5,1,1)),"") -> #N/A | AS23: =OFFSET(ASISTENCIA!$E$1,MATCH($G23,ASISTENCIA!$E:$E,0)-1,MATCH(AS$1,ASISTENCIA!$3:$3,0)-5,1,1) -> #N/A | AT23: =OFFSET(ASISTENCIA!$E$1,MATCH($G23,ASISTENCIA!$E:$E,0)-1,MATCH(AT$1,ASISTENCIA!$3:$3,0)-5,1,1) -> #N/A | AU23: =IF(TODAY()>=$AU$1-6,SUM(OFFSET(DEVO!$F$1,MATCH($G23,DEVO!$E:$E,0)-1,MATCH(AR$1,DEVO!$1:$1,0)-6,1,7)),"") -> #N/A | AV23: =OFFSET(ASISTENCIA!$E$1,MATCH($G23,ASISTENCIA!$E:$E,0)-1,MATCH(AV$1,ASISTENCIA!$3:$3,0)-5,1,1) -> #N/A | AW23: =OFFSET(ASISTENCIA!$E$1,MATCH($G23,ASISTENCIA!$E:$E,0)-1,MATCH(AW$1,ASISTENCIA!$3:$3,0)-5,1,1) -> #N/A | AY23: =IF(TODAY()>=$O$1-6,COUNTIF(L23,">"&0)," ") -> 0 | AZ23: =IF(TODAY()>=$S$1-6,COUNTIF(P23,">"&0)," ") -> 0 | BA23: =IF(TODAY()>=$W$1-6,COUNTIF(T23,">"&0)," ") -> 0 | BB23: =IF(TODAY()>=$AA$1-6,COUNTIF(X23,">"&0)," ") -> 0 | BC23: =IF(TODAY()>=$AE$1-6,COUNTIF(AB23,">"&0)," ") -> 0 | BD23: =IF(TODAY()>=$AI$1-6,COUNTIF(AF23,">"&0)," ") -> 0 | BE23: =IF(TODAY()>=$AM$1-6,COUNTIF(AJ23,">"&0)," ") -> 0 | BF23: =IF(TODAY()>=$AQ$1-6,COUNTIF(AN23,">"&0)," ") -> 0 | BG23: =IF(TODAY()>=$AU$1-6,COUNTIF(AR23,">"&0)," ") -> 0 | BH23: =IFERROR(SUM(AY23:BG23)/$BJ$2,0)*10 -> 0 | BI23: =VLOOKUP(BH23,$BX$4:$BY$11,2,1) -> OBSERVADOS | BJ23: =IF(TODAY()>=$O$1-6,VLOOKUP(10*SUMPRODUCT($BJ$1:$BM$1,L23:O23)/MIN((TODAY()-$O$1+7),7),$BX$15:$BY$22,2,1)," ") -> #N/A | BK23: =IF(TODAY()>=$S$1-6,VLOOKUP(10*SUMPRODUCT($BJ$1:$BM$1,P23:S23)/MIN((TODAY()-$S$1+7),7),$BX$15:$BY$22,2,1)," ") -> #N/A | BL23: =IF(TODAY()>=$W$1-6,VLOOKUP(10*SUMPRODUCT($BJ$1:$BM$1,T23:W23)/MIN((TODAY()-$W$1+7),7),$BX$15:$BY$22,2,1)," ") -> #N/A | BM23: =IF(TODAY()>=$AA$1-6,VLOOKUP(10*SUMPRODUCT($BJ$1:$BM$1,X23:AA23)/MIN((TODAY()-$AA$1+7),7),$BX$15:$BY$22,2,1)," ") -> #N/A | BN23: =IF(TODAY()>=$AE$1-6,VLOOKUP(10*SUMPRODUCT($BJ$1:$BM$1,AB23:AE23)/MIN((TODAY()-$AE$1+7),7),$BX$15:$BY$22,2,1)," ") -> #N/A | BO23: =IF(TODAY()>=$AI$1-6,VLOOKUP(10*SUMPRODUCT($BJ$1:$BM$1,AF23:AI23)/MIN((TODAY()-$AI$1+7),7),$BX$15:$BY$22,2,1)," ") -> #N/A | BP23: =IF(TODAY()>=$AM$1-6,VLOOKUP(10*SUMPRODUCT($BJ$1:$BM$1,AJ23:AM23)/MIN((TODAY()-$AM$1+7),7),$BX$15:$BY$22,2,1)," ") -> #N/A | BQ23: =IF(TODAY()>=$AQ$1-6,VLOOKUP(10*SUMPRODUCT($BJ$1:$BM$1,AN23:AQ23)/MIN((TODAY()-$AQ$1+7),7),$BX$15:$BY$22,2,1)," ") -> #N/A | BR23: =IF(TODAY()>=$AU$1-6,VLOOKUP(10*SUMPRODUCT($BJ$1:$BM$1,AR23:AU23)/MIN((TODAY()-$AU$1+7),7),$BX$15:$BY$22,2,1)," ") -> #N/A | BS23: =OFFSET(ASISTENCIA!$E$1,MATCH($G23,ASISTENCIA!$E:$E,0)-1,MATCH(BS$1,ASISTENCIA!$3:$3,0)-5,1,1) -> #N/A | BT23: =OFFSET(ASISTENCIA!$E$1,MATCH($G23,ASISTENCIA!$E:$E,0)-1,MATCH(BT$1,ASISTENCIA!$3:$3,0)-5,1,1) -> #N/A | BU23: =OFFSET(ASISTENCIA!$E$1,MATCH($G23,ASISTENCIA!$E:$E,0)-1,MATCH(BU$1,ASISTENCIA!$3:$3,0)-5,1,1) -> #N/A | BV23: =OFFSET(ASISTENCIA!$E$1,MATCH($G23,ASISTENCIA!$E:$E,0)-1,MATCH(BV$1,ASISTENCIA!$3:$3,0)-5,1,1) -> #N/A
A24: =1+A23 -> 21 | J24: =DEVO!F25 | K24: =IF(I24>0,I24,J24) | L24: =IF(TODAY()>=$O$1-6,SUM(OFFSET(ASISTENCIA!$E$1,MATCH($G24,ASISTENCIA!$E:$E,0)-1,MATCH(L$1,ASISTENCIA!$3:$3,0)-5,1,1)),"") -> #N/A | M24: =OFFSET(ASISTENCIA!$E$1,MATCH($G24,ASISTENCIA!$E:$E,0)-1,MATCH(M$1,ASISTENCIA!$3:$3,0)-5,1,1) -> #N/A | N24: =OFFSET(ASISTENCIA!$E$1,MATCH($G24,ASISTENCIA!$E:$E,0)-1,MATCH(N$1,ASISTENCIA!$3:$3,0)-5,1,1) -> #N/A | O24: =IF(TODAY()>=$O$1-6,SUM(OFFSET(DEVO!$F$1,MATCH($G24,DEVO!$E:$E,0)-1,MATCH(L$1,DEVO!$1:$1,0)-6,1,7)),"") -> #N/A | P24: =IF(TODAY()>=$S$1-6,SUM(OFFSET(ASISTENCIA!$E$1,MATCH($G24,ASISTENCIA!$E:$E,0)-1,MATCH(P$1,ASISTENCIA!$3:$3,0)-5,1,1)),"") -> #N/A | Q24: =OFFSET(ASISTENCIA!$E$1,MATCH($G24,ASISTENCIA!$E:$E,0)-1,MATCH(Q$1,ASISTENCIA!$3:$3,0)-5,1,1) -> #N/A | R24: =OFFSET(ASISTENCIA!$E$1,MATCH($G24,ASISTENCIA!$E:$E,0)-1,MATCH(R$1,ASISTENCIA!$3:$3,0)-5,1,1) -> #N/A | S24: =IF(TODAY()>=$S$1-6,SUM(OFFSET(DEVO!$F$1,MATCH($G24,DEVO!$E:$E,0)-1,MATCH(P$1,DEVO!$1:$1,0)-6,1,7)),"") -> #N/A | T24: =IF(TODAY()>=$W$1-6,SUM(OFFSET(ASISTENCIA!$E$1,MATCH($G24,ASISTENCIA!$E:$E,0)-1,MATCH(T$1,ASISTENCIA!$3:$3,0)-5,1,1)),"") -> #N/A | U24: =OFFSET(ASISTENCIA!$E$1,MATCH($G24,ASISTENCIA!$E:$E,0)-1,MATCH(U$1,ASISTENCIA!$3:$3,0)-5,1,1) -> #N/A | V24: =OFFSET(ASISTENCIA!$E$1,MATCH($G24,ASISTENCIA!$E:$E,0)-1,MATCH(V$1,ASISTENCIA!$3:$3,0)-5,1,1) -> #N/A | W24: =IF(TODAY()>=$W$1-6,SUM(OFFSET(DEVO!$F$1,MATCH($G24,DEVO!$E:$E,0)-1,MATCH(T$1,DEVO!$1:$1,0)-6,1,7)),"") -> #N/A | X24: =IF(TODAY()>=$AA$1-6,SUM(OFFSET(ASISTENCIA!$E$1,MATCH($G24,ASISTENCIA!$E:$E,0)-1,MATCH(X$1,ASISTENCIA!$3:$3,0)-5,1,1)),"") -> #N/A | Y24: =OFFSET(ASISTENCIA!$E$1,MATCH($G24,ASISTENCIA!$E:$E,0)-1,MATCH(Y$1,ASISTENCIA!$3:$3,0)-5,1,1) -> #N/A | Z24: =OFFSET(ASISTENCIA!$E$1,MATCH($G24,ASISTENCIA!$E:$E,0)-1,MATCH(Z$1,ASISTENCIA!$3:$3,0)-5,1,1) -> #N/A | AA24: =IF(TODAY()>=$AA$1-6,SUM(OFFSET(DEVO!$F$1,MATCH($G24,DEVO!$E:$E,0)-1,MATCH(X$1,DEVO!$1:$1,0)-6,1,7)),"") -> #N/A | AB24: =IF(TODAY()>=$AE$1-6,SUM(OFFSET(ASISTENCIA!$E$1,MATCH($G24,ASISTENCIA!$E:$E,0)-1,MATCH(AB$1,ASISTENCIA!$3:$3,0)-5,1,1)),"") -> #N/A | AC24: =OFFSET(ASISTENCIA!$E$1,MATCH($G24,ASISTENCIA!$E:$E,0)-1,MATCH(AC$1,ASISTENCIA!$3:$3,0)-5,1,1) -> #N/A | AD24: =OFFSET(ASISTENCIA!$E$1,MATCH($G24,ASISTENCIA!$E:$E,0)-1,MATCH(AD$1,ASISTENCIA!$3:$3,0)-5,1,1) -> #N/A | AE24: =IF(TODAY()>=$AE$1-6,SUM(OFFSET(DEVO!$F$1,MATCH($G24,DEVO!$E:$E,0)-1,MATCH(AB$1,DEVO!$1:$1,0)-6,1,7)),"") -> #N/A | AF24: =IF(TODAY()>=$AI$1-6,SUM(OFFSET(ASISTENCIA!$E$1,MATCH($G24,ASISTENCIA!$E:$E,0)-1,MATCH(AF$1,ASISTENCIA!$3:$3,0)-5,1,1)),"") -> #N/A | AG24: =OFFSET(ASISTENCIA!$E$1,MATCH($G24,ASISTENCIA!$E:$E,0)-1,MATCH(AG$1,ASISTENCIA!$3:$3,0)-5,1,1) -> #N/A | AH24: =OFFSET(ASISTENCIA!$E$1,MATCH($G24,ASISTENCIA!$E:$E,0)-1,MATCH(AH$1,ASISTENCIA!$3:$3,0)-5,1,1) -> #N/A | AI24: =IF(TODAY()>=$AI$1-6,SUM(OFFSET(DEVO!$F$1,MATCH($G24,DEVO!$E:$E,0)-1,MATCH(AF$1,DEVO!$1:$1,0)-6,1,7)),"") -> #N/A | AJ24: =IF(TODAY()>=$AM$1-6,SUM(OFFSET(ASISTENCIA!$E$1,MATCH($G24,ASISTENCIA!$E:$E,0)-1,MATCH(AJ$1,ASISTENCIA!$3:$3,0)-5,1,1)),"") -> #N/A | AK24: =OFFSET(ASISTENCIA!$E$1,MATCH($G24,ASISTENCIA!$E:$E,0)-1,MATCH(AK$1,ASISTENCIA!$3:$3,0)-5,1,1) -> #N/A | AL24: =OFFSET(ASISTENCIA!$E$1,MATCH($G24,ASISTENCIA!$E:$E,0)-1,MATCH(AL$1,ASISTENCIA!$3:$3,0)-5,1,1) -> #N/A | AM24: =IF(TODAY()>=$AM$1-6,SUM(OFFSET(DEVO!$F$1,MATCH($G24,DEVO!$E:$E,0)-1,MATCH(AJ$1,DEVO!$1:$1,0)-6,1,7)),"") -> #N/A | AN24: =IF(TODAY()>=$AQ$1-6,SUM(OFFSET(ASISTENCIA!$E$1,MATCH($G24,ASISTENCIA!$E:$E,0)-1,MATCH(AN$1,ASISTENCIA!$3:$3,0)-5,1,1)),"") -> #N/A | AO24: =OFFSET(ASISTENCIA!$E$1,MATCH($G24,ASISTENCIA!$E:$E,0)-1,MATCH(AO$1,ASISTENCIA!$3:$3,0)-5,1,1) -> #N/A | AP24: =OFFSET(ASISTENCIA!$E$1,MATCH($G24,ASISTENCIA!$E:$E,0)-1,MATCH(AP$1,ASISTENCIA!$3:$3,0)-5,1,1) -> #N/A | AQ24: =IF(TODAY()>=$AQ$1-6,SUM(OFFSET(DEVO!$F$1,MATCH($G24,DEVO!$E:$E,0)-1,MATCH(AN$1,DEVO!$1:$1,0)-6,1,7)),"") -> #N/A | AR24: =IF(TODAY()>=$AU$1-6,SUM(OFFSET(ASISTENCIA!$E$1,MATCH($G24,ASISTENCIA!$E:$E,0)-1,MATCH(AR$1,ASISTENCIA!$3:$3,0)-5,1,1)),"") -> #N/A | AS24: =OFFSET(ASISTENCIA!$E$1,MATCH($G24,ASISTENCIA!$E:$E,0)-1,MATCH(AS$1,ASISTENCIA!$3:$3,0)-5,1,1) -> #N/A | AT24: =OFFSET(ASISTENCIA!$E$1,MATCH($G24,ASISTENCIA!$E:$E,0)-1,MATCH(AT$1,ASISTENCIA!$3:$3,0)-5,1,1) -> #N/A | AU24: =IF(TODAY()>=$AU$1-6,SUM(OFFSET(DEVO!$F$1,MATCH($G24,DEVO!$E:$E,0)-1,MATCH(AR$1,DEVO!$1:$1,0)-6,1,7)),"") -> #N/A | AV24: =OFFSET(ASISTENCIA!$E$1,MATCH($G24,ASISTENCIA!$E:$E,0)-1,MATCH(AV$1,ASISTENCIA!$3:$3,0)-5,1,1) -> #N/A | AW24: =OFFSET(ASISTENCIA!$E$1,MATCH($G24,ASISTENCIA!$E:$E,0)-1,MATCH(AW$1,ASISTENCIA!$3:$3,0)-5,1,1) -> #N/A | AY24: =IF(TODAY()>=$O$1-6,COUNTIF(L24,">"&0)," ") -> 0 | AZ24: =IF(TODAY()>=$S$1-6,COUNTIF(P24,">"&0)," ") -> 0 | BA24: =IF(TODAY()>=$W$1-6,COUNTIF(T24,">"&0)," ") -> 0 | BB24: =IF(TODAY()>=$AA$1-6,COUNTIF(X24,">"&0)," ") -> 0 | BC24: =IF(TODAY()>=$AE$1-6,COUNTIF(AB24,">"&0)," ") -> 0 | BD24: =IF(TODAY()>=$AI$1-6,COUNTIF(AF24,">"&0)," ") -> 0 | BE24: =IF(TODAY()>=$AM$1-6,COUNTIF(AJ24,">"&0)," ") -> 0 | BF24: =IF(TODAY()>=$AQ$1-6,COUNTIF(AN24,">"&0)," ") -> 0 | BG24: =IF(TODAY()>=$AU$1-6,COUNTIF(AR24,">"&0)," ") -> 0 | BH24: =IFERROR(SUM(AY24:BG24)/$BJ$2,0)*10 -> 0 | BI24: =VLOOKUP(BH24,$BX$4:$BY$11,2,1) -> OBSERVADOS | BJ24: =IF(TODAY()>=$O$1-6,VLOOKUP(10*SUMPRODUCT($BJ$1:$BM$1,L24:O24)/MIN((TODAY()-$O$1+7),7),$BX$15:$BY$22,2,1)," ") -> #N/A | BK24: =IF(TODAY()>=$S$1-6,VLOOKUP(10*SUMPRODUCT($BJ$1:$BM$1,P24:S24)/MIN((TODAY()-$S$1+7),7),$BX$15:$BY$22,2,1)," ") -> #N/A | BL24: =IF(TODAY()>=$W$1-6,VLOOKUP(10*SUMPRODUCT($BJ$1:$BM$1,T24:W24)/MIN((TODAY()-$W$1+7),7),$BX$15:$BY$22,2,1)," ") -> #N/A | BM24: =IF(TODAY()>=$AA$1-6,VLOOKUP(10*SUMPRODUCT($BJ$1:$BM$1,X24:AA24)/MIN((TODAY()-$AA$1+7),7),$BX$15:$BY$22,2,1)," ") -> #N/A | BN24: =IF(TODAY()>=$AE$1-6,VLOOKUP(10*SUMPRODUCT($BJ$1:$BM$1,AB24:AE24)/MIN((TODAY()-$AE$1+7),7),$BX$15:$BY$22,2,1)," ") -> #N/A | BO24: =IF(TODAY()>=$AI$1-6,VLOOKUP(10*SUMPRODUCT($BJ$1:$BM$1,AF24:AI24)/MIN((TODAY()-$AI$1+7),7),$BX$15:$BY$22,2,1)," ") -> #N/A | BP24: =IF(TODAY()>=$AM$1-6,VLOOKUP(10*SUMPRODUCT($BJ$1:$BM$1,AJ24:AM24)/MIN((TODAY()-$AM$1+7),7),$BX$15:$BY$22,2,1)," ") -> #N/A | BQ24: =IF(TODAY()>=$AQ$1-6,VLOOKUP(10*SUMPRODUCT($BJ$1:$BM$1,AN24:AQ24)/MIN((TODAY()-$AQ$1+7),7),$BX$15:$BY$22,2,1)," ") -> #N/A | BR24: =IF(TODAY()>=$AU$1-6,VLOOKUP(10*SUMPRODUCT($BJ$1:$BM$1,AR24:AU24)/MIN((TODAY()-$AU$1+7),7),$BX$15:$BY$22,2,1)," ") -> #N/A | BS24: =OFFSET(ASISTENCIA!$E$1,MATCH($G24,ASISTENCIA!$E:$E,0)-1,MATCH(BS$1,ASISTENCIA!$3:$3,0)-5,1,1) -> #N/A | BT24: =OFFSET(ASISTENCIA!$E$1,MATCH($G24,ASISTENCIA!$E:$E,0)-1,MATCH(BT$1,ASISTENCIA!$3:$3,0)-5,1,1) -> #N/A | BU24: =OFFSET(ASISTENCIA!$E$1,MATCH($G24,ASISTENCIA!$E:$E,0)-1,MATCH(BU$1,ASISTENCIA!$3:$3,0)-5,1,1) -> #N/A | BV24: =OFFSET(ASISTENCIA!$E$1,MATCH($G24,ASISTENCIA!$E:$E,0)-1,MATCH(BV$1,ASISTENCIA!$3:$3,0)-5,1,1) -> #N/A
A25: =1+A24 -> 22 | J25: =DEVO!F26 | K25: =IF(I25>0,I25,J25) | L25: =IF(TODAY()>=$O$1-6,SUM(OFFSET(ASISTENCIA!$E$1,MATCH($G25,ASISTENCIA!$E:$E,0)-1,MATCH(L$1,ASISTENCIA!$3:$3,0)-5,1,1)),"") -> #N/A | M25: =OFFSET(ASISTENCIA!$E$1,MATCH($G25,ASISTENCIA!$E:$E,0)-1,MATCH(M$1,ASISTENCIA!$3:$3,0)-5,1,1) -> #N/A | N25: =OFFSET(ASISTENCIA!$E$1,MATCH($G25,ASISTENCIA!$E:$E,0)-1,MATCH(N$1,ASISTENCIA!$3:$3,0)-5,1,1) -> #N/A | O25: =IF(TODAY()>=$O$1-6,SUM(OFFSET(DEVO!$F$1,MATCH($G25,DEVO!$E:$E,0)-1,MATCH(L$1,DEVO!$1:$1,0)-6,1,7)),"") -> #N/A | P25: =IF(TODAY()>=$S$1-6,SUM(OFFSET(ASISTENCIA!$E$1,MATCH($G25,ASISTENCIA!$E:$E,0)-1,MATCH(P$1,ASISTENCIA!$3:$3,0)-5,1,1)),"") -> #N/A | Q25: =OFFSET(ASISTENCIA!$E$1,MATCH($G25,ASISTENCIA!$E:$E,0)-1,MATCH(Q$1,ASISTENCIA!$3:$3,0)-5,1,1) -> #N/A | R25: =OFFSET(ASISTENCIA!$E$1,MATCH($G25,ASISTENCIA!$E:$E,0)-1,MATCH(R$1,ASISTENCIA!$3:$3,0)-5,1,1) -> #N/A | S25: =IF(TODAY()>=$S$1-6,SUM(OFFSET(DEVO!$F$1,MATCH($G25,DEVO!$E:$E,0)-1,MATCH(P$1,DEVO!$1:$1,0)-6,1,7)),"") -> #N/A | T25: =IF(TODAY()>=$W$1-6,SUM(OFFSET(ASISTENCIA!$E$1,MATCH($G25,ASISTENCIA!$E:$E,0)-1,MATCH(T$1,ASISTENCIA!$3:$3,0)-5,1,1)),"") -> #N/A | U25: =OFFSET(ASISTENCIA!$E$1,MATCH($G25,ASISTENCIA!$E:$E,0)-1,MATCH(U$1,ASISTENCIA!$3:$3,0)-5,1,1) -> #N/A | V25: =OFFSET(ASISTENCIA!$E$1,MATCH($G25,ASISTENCIA!$E:$E,0)-1,MATCH(V$1,ASISTENCIA!$3:$3,0)-5,1,1) -> #N/A | W25: =IF(TODAY()>=$W$1-6,SUM(OFFSET(DEVO!$F$1,MATCH($G25,DEVO!$E:$E,0)-1,MATCH(T$1,DEVO!$1:$1,0)-6,1,7)),"") -> #N/A | X25: =IF(TODAY()>=$AA$1-6,SUM(OFFSET(ASISTENCIA!$E$1,MATCH($G25,ASISTENCIA!$E:$E,0)-1,MATCH(X$1,ASISTENCIA!$3:$3,0)-5,1,1)),"") -> #N/A | Y25: =OFFSET(ASISTENCIA!$E$1,MATCH($G25,ASISTENCIA!$E:$E,0)-1,MATCH(Y$1,ASISTENCIA!$3:$3,0)-5,1,1) -> #N/A | Z25: =OFFSET(ASISTENCIA!$E$1,MATCH($G25,ASISTENCIA!$E:$E,0)-1,MATCH(Z$1,ASISTENCIA!$3:$3,0)-5,1,1) -> #N/A | AA25: =IF(TODAY()>=$AA$1-6,SUM(OFFSET(DEVO!$F$1,MATCH($G25,DEVO!$E:$E,0)-1,MATCH(X$1,DEVO!$1:$1,0)-6,1,7)),"") -> #N/A | AB25: =IF(TODAY()>=$AE$1-6,SUM(OFFSET(ASISTENCIA!$E$1,MATCH($G25,ASISTENCIA!$E:$E,0)-1,MATCH(AB$1,ASISTENCIA!$3:$3,0)-5,1,1)),"") -> #N/A | AC25: =OFFSET(ASISTENCIA!$E$1,MATCH($G25,ASISTENCIA!$E:$E,0)-1,MATCH(AC$1,ASISTENCIA!$3:$3,0)-5,1,1) -> #N/A | AD25: =OFFSET(ASISTENCIA!$E$1,MATCH($G25,ASISTENCIA!$E:$E,0)-1,MATCH(AD$1,ASISTENCIA!$3:$3,0)-5,1,1) -> #N/A | AE25: =IF(TODAY()>=$AE$1-6,SUM(OFFSET(DEVO!$F$1,MATCH($G25,DEVO!$E:$E,0)-1,MATCH(AB$1,DEVO!$1:$1,0)-6,1,7)),"") -> #N/A | AF25: =IF(TODAY()>=$AI$1-6,SUM(OFFSET(ASISTENCIA!$E$1,MATCH($G25,ASISTENCIA!$E:$E,0)-1,MATCH(AF$1,ASISTENCIA!$3:$3,0)-5,1,1)),"") -> #N/A | AG25: =OFFSET(ASISTENCIA!$E$1,MATCH($G25,ASISTENCIA!$E:$E,0)-1,MATCH(AG$1,ASISTENCIA!$3:$3,0)-5,1,1) -> #N/A | AH25: =OFFSET(ASISTENCIA!$E$1,MATCH($G25,ASISTENCIA!$E:$E,0)-1,MATCH(AH$1,ASISTENCIA!$3:$3,0)-5,1,1) -> #N/A | AI25: =IF(TODAY()>=$AI$1-6,SUM(OFFSET(DEVO!$F$1,MATCH($G25,DEVO!$E:$E,0)-1,MATCH(AF$1,DEVO!$1:$1,0)-6,1,7)),"") -> #N/A | AJ25: =IF(TODAY()>=$AM$1-6,SUM(OFFSET(ASISTENCIA!$E$1,MATCH($G25,ASISTENCIA!$E:$E,0)-1,MATCH(AJ$1,ASISTENCIA!$3:$3,0)-5,1,1)),"") -> #N/A | AK25: =OFFSET(ASISTENCIA!$E$1,MATCH($G25,ASISTENCIA!$E:$E,0)-1,MATCH(AK$1,ASISTENCIA!$3:$3,0)-5,1,1) -> #N/A | AL25: =OFFSET(ASISTENCIA!$E$1,MATCH($G25,ASISTENCIA!$E:$E,0)-1,MATCH(AL$1,ASISTENCIA!$3:$3,0)-5,1,1) -> #N/A | AM25: =IF(TODAY()>=$AM$1-6,SUM(OFFSET(DEVO!$F$1,MATCH($G25,DEVO!$E:$E,0)-1,MATCH(AJ$1,DEVO!$1:$1,0)-6,1,7)),"") -> #N/A | AN25: =IF(TODAY()>=$AQ$1-6,SUM(OFFSET(ASISTENCIA!$E$1,MATCH($G25,ASISTENCIA!$E:$E,0)-1,MATCH(AN$1,ASISTENCIA!$3:$3,0)-5,1,1)),"") -> #N/A | AO25: =OFFSET(ASISTENCIA!$E$1,MATCH($G25,ASISTENCIA!$E:$E,0)-1,MATCH(AO$1,ASISTENCIA!$3:$3,0)-5,1,1) -> #N/A | AP25: =OFFSET(ASISTENCIA!$E$1,MATCH($G25,ASISTENCIA!$E:$E,0)-1,MATCH(AP$1,ASISTENCIA!$3:$3,0)-5,1,1) -> #N/A | AQ25: =IF(TODAY()>=$AQ$1-6,SUM(OFFSET(DEVO!$F$1,MATCH($G25,DEVO!$E:$E,0)-1,MATCH(AN$1,DEVO!$1:$1,0)-6,1,7)),"") -> #N/A | AR25: =IF(TODAY()>=$AU$1-6,SUM(OFFSET(ASISTENCIA!$E$1,MATCH($G25,ASISTENCIA!$E:$E,0)-1,MATCH(AR$1,ASISTENCIA!$3:$3,0)-5,1,1)),"") -> #N/A | AS25: =OFFSET(ASISTENCIA!$E$1,MATCH($G25,ASISTENCIA!$E:$E,0)-1,MATCH(AS$1,ASISTENCIA!$3:$3,0)-5,1,1) -> #N/A | AT25: =OFFSET(ASISTENCIA!$E$1,MATCH($G25,ASISTENCIA!$E:$E,0)-1,MATCH(AT$1,ASISTENCIA!$3:$3,0)-5,1,1) -> #N/A | AU25: =IF(TODAY()>=$AU$1-6,SUM(OFFSET(DEVO!$F$1,MATCH($G25,DEVO!$E:$E,0)-1,MATCH(AR$1,DEVO!$1:$1,0)-6,1,7)),"") -> #N/A | AV25: =OFFSET(ASISTENCIA!$E$1,MATCH($G25,ASISTENCIA!$E:$E,0)-1,MATCH(AV$1,ASISTENCIA!$3:$3,0)-5,1,1) -> #N/A | AW25: =OFFSET(ASISTENCIA!$E$1,MATCH($G25,ASISTENCIA!$E:$E,0)-1,MATCH(AW$1,ASISTENCIA!$3:$3,0)-5,1,1) -> #N/A | AY25: =IF(TODAY()>=$O$1-6,COUNTIF(L25,">"&0)," ") -> 0 | AZ25: =IF(TODAY()>=$S$1-6,COUNTIF(P25,">"&0)," ") -> 0 | BA25: =IF(TODAY()>=$W$1-6,COUNTIF(T25,">"&0)," ") -> 0 | BB25: =IF(TODAY()>=$AA$1-6,COUNTIF(X25,">"&0)," ") -> 0 | BC25: =IF(TODAY()>=$AE$1-6,COUNTIF(AB25,">"&0)," ") -> 0 | BD25: =IF(TODAY()>=$AI$1-6,COUNTIF(AF25,">"&0)," ") -> 0 | BE25: =IF(TODAY()>=$AM$1-6,COUNTIF(AJ25,">"&0)," ") -> 0 | BF25: =IF(TODAY()>=$AQ$1-6,COUNTIF(AN25,">"&0)," ") -> 0 | BG25: =IF(TODAY()>=$AU$1-6,COUNTIF(AR25,">"&0)," ") -> 0 | BH25: =IFERROR(SUM(AY25:BG25)/$BJ$2,0)*10 -> 0 | BI25: =VLOOKUP(BH25,$BX$4:$BY$11,2,1) -> OBSERVADOS | BJ25: =IF(TODAY()>=$O$1-6,VLOOKUP(10*SUMPRODUCT($BJ$1:$BM$1,L25:O25)/MIN((TODAY()-$O$1+7),7),$BX$15:$BY$22,2,1)," ") -> #N/A | BK25: =IF(TODAY()>=$S$1-6,VLOOKUP(10*SUMPRODUCT($BJ$1:$BM$1,P25:S25)/MIN((TODAY()-$S$1+7),7),$BX$15:$BY$22,2,1)," ") -> #N/A | BL25: =IF(TODAY()>=$W$1-6,VLOOKUP(10*SUMPRODUCT($BJ$1:$BM$1,T25:W25)/MIN((TODAY()-$W$1+7),7),$BX$15:$BY$22,2,1)," ") -> #N/A | BM25: =IF(TODAY()>=$AA$1-6,VLOOKUP(10*SUMPRODUCT($BJ$1:$BM$1,X25:AA25)/MIN((TODAY()-$AA$1+7),7),$BX$15:$BY$22,2,1)," ") -> #N/A | BN25: =IF(TODAY()>=$AE$1-6,VLOOKUP(10*SUMPRODUCT($BJ$1:$BM$1,AB25:AE25)/MIN((TODAY()-$AE$1+7),7),$BX$15:$BY$22,2,1)," ") -> #N/A | BO25: =IF(TODAY()>=$AI$1-6,VLOOKUP(10*SUMPRODUCT($BJ$1:$BM$1,AF25:AI25)/MIN((TODAY()-$AI$1+7),7),$BX$15:$BY$22,2,1)," ") -> #N/A | BP25: =IF(TODAY()>=$AM$1-6,VLOOKUP(10*SUMPRODUCT($BJ$1:$BM$1,AJ25:AM25)/MIN((TODAY()-$AM$1+7),7),$BX$15:$BY$22,2,1)," ") -> #N/A | BQ25: =IF(TODAY()>=$AQ$1-6,VLOOKUP(10*SUMPRODUCT($BJ$1:$BM$1,AN25:AQ25)/MIN((TODAY()-$AQ$1+7),7),$BX$15:$BY$22,2,1)," ") -> #N/A | BR25: =IF(TODAY()>=$AU$1-6,VLOOKUP(10*SUMPRODUCT($BJ$1:$BM$1,AR25:AU25)/MIN((TODAY()-$AU$1+7),7),$BX$15:$BY$22,2,1)," ") -> #N/A | BS25: =OFFSET(ASISTENCIA!$E$1,MATCH($G25,ASISTENCIA!$E:$E,0)-1,MATCH(BS$1,ASISTENCIA!$3:$3,0)-5,1,1) -> #N/A | BT25: =OFFSET(ASISTENCIA!$E$1,MATCH($G25,ASISTENCIA!$E:$E,0)-1,MATCH(BT$1,ASISTENCIA!$3:$3,0)-5,1,1) -> #N/A | BU25: =OFFSET(ASISTENCIA!$E$1,MATCH($G25,ASISTENCIA!$E:$E,0)-1,MATCH(BU$1,ASISTENCIA!$3:$3,0)-5,1,1) -> #N/A | BV25: =OFFSET(ASISTENCIA!$E$1,MATCH($G25,ASISTENCIA!$E:$E,0)-1,MATCH(BV$1,ASISTENCIA!$3:$3,0)-5,1,1) -> #N/A
A26: =1+A25 -> 23 | J26: =DEVO!F27 | K26: =IF(I26>0,I26,J26) | L26: =IF(TODAY()>=$O$1-6,SUM(OFFSET(ASISTENCIA!$E$1,MATCH($G26,ASISTENCIA!$E:$E,0)-1,MATCH(L$1,ASISTENCIA!$3:$3,0)-5,1,1)),"") -> #N/A | M26: =OFFSET(ASISTENCIA!$E$1,MATCH($G26,ASISTENCIA!$E:$E,0)-1,MATCH(M$1,ASISTENCIA!$3:$3,0)-5,1,1) -> #N/A | N26: =OFFSET(ASISTENCIA!$E$1,MATCH($G26,ASISTENCIA!$E:$E,0)-1,MATCH(N$1,ASISTENCIA!$3:$3,0)-5,1,1) -> #N/A | O26: =IF(TODAY()>=$O$1-6,SUM(OFFSET(DEVO!$F$1,MATCH($G26,DEVO!$E:$E,0)-1,MATCH(L$1,DEVO!$1:$1,0)-6,1,7)),"") -> #N/A | P26: =IF(TODAY()>=$S$1-6,SUM(OFFSET(ASISTENCIA!$E$1,MATCH($G26,ASISTENCIA!$E:$E,0)-1,MATCH(P$1,ASISTENCIA!$3:$3,0)-5,1,1)),"") -> #N/A | Q26: =OFFSET(ASISTENCIA!$E$1,MATCH($G26,ASISTENCIA!$E:$E,0)-1,MATCH(Q$1,ASISTENCIA!$3:$3,0)-5,1,1) -> #N/A | R26: =OFFSET(ASISTENCIA!$E$1,MATCH($G26,ASISTENCIA!$E:$E,0)-1,MATCH(R$1,ASISTENCIA!$3:$3,0)-5,1,1) -> #N/A | S26: =IF(TODAY()>=$S$1-6,SUM(OFFSET(DEVO!$F$1,MATCH($G26,DEVO!$E:$E,0)-1,MATCH(P$1,DEVO!$1:$1,0)-6,1,7)),"") -> #N/A | T26: =IF(TODAY()>=$W$1-6,SUM(OFFSET(ASISTENCIA!$E$1,MATCH($G26,ASISTENCIA!$E:$E,0)-1,MATCH(T$1,ASISTENCIA!$3:$3,0)-5,1,1)),"") -> #N/A | U26: =OFFSET(ASISTENCIA!$E$1,MATCH($G26,ASISTENCIA!$E:$E,0)-1,MATCH(U$1,ASISTENCIA!$3:$3,0)-5,1,1) -> #N/A | V26: =OFFSET(ASISTENCIA!$E$1,MATCH($G26,ASISTENCIA!$E:$E,0)-1,MATCH(V$1,ASISTENCIA!$3:$3,0)-5,1,1) -> #N/A | W26: =IF(TODAY()>=$W$1-6,SUM(OFFSET(DEVO!$F$1,MATCH($G26,DEVO!$E:$E,0)-1,MATCH(T$1,DEVO!$1:$1,0)-6,1,7)),"") -> #N/A | X26: =IF(TODAY()>=$AA$1-6,SUM(OFFSET(ASISTENCIA!$E$1,MATCH($G26,ASISTENCIA!$E:$E,0)-1,MATCH(X$1,ASISTENCIA!$3:$3,0)-5,1,1)),"") -> #N/A | Y26: =OFFSET(ASISTENCIA!$E$1,MATCH($G26,ASISTENCIA!$E:$E,0)-1,MATCH(Y$1,ASISTENCIA!$3:$3,0)-5,1,1) -> #N/A | Z26: =OFFSET(ASISTENCIA!$E$1,MATCH($G26,ASISTENCIA!$E:$E,0)-1,MATCH(Z$1,ASISTENCIA!$3:$3,0)-5,1,1) -> #N/A | AA26: =IF(TODAY()>=$AA$1-6,SUM(OFFSET(DEVO!$F$1,MATCH($G26,DEVO!$E:$E,0)-1,MATCH(X$1,DEVO!$1:$1,0)-6,1,7)),"") -> #N/A | AB26: =IF(TODAY()>=$AE$1-6,SUM(OFFSET(ASISTENCIA!$E$1,MATCH($G26,ASISTENCIA!$E:$E,0)-1,MATCH(AB$1,ASISTENCIA!$3:$3,0)-5,1,1)),"") -> #N/A | AC26: =OFFSET(ASISTENCIA!$E$1,MATCH($G26,ASISTENCIA!$E:$E,0)-1,MATCH(AC$1,ASISTENCIA!$3:$3,0)-5,1,1) -> #N/A | AD26: =OFFSET(ASISTENCIA!$E$1,MATCH($G26,ASISTENCIA!$E:$E,0)-1,MATCH(AD$1,ASISTENCIA!$3:$3,0)-5,1,1) -> #N/A | AE26: =IF(TODAY()>=$AE$1-6,SUM(OFFSET(DEVO!$F$1,MATCH($G26,DEVO!$E:$E,0)-1,MATCH(AB$1,DEVO!$1:$1,0)-6,1,7)),"") -> #N/A | AF26: =IF(TODAY()>=$AI$1-6,SUM(OFFSET(ASISTENCIA!$E$1,MATCH($G26,ASISTENCIA!$E:$E,0)-1,MATCH(AF$1,ASISTENCIA!$3:$3,0)-5,1,1)),"") -> #N/A | AG26: =OFFSET(ASISTENCIA!$E$1,MATCH($G26,ASISTENCIA!$E:$E,0)-1,MATCH(AG$1,ASISTENCIA!$3:$3,0)-5,1,1) -> #N/A | AH26: =OFFSET(ASISTENCIA!$E$1,MATCH($G26,ASISTENCIA!$E:$E,0)-1,MATCH(AH$1,ASISTENCIA!$3:$3,0)-5,1,1) -> #N/A | AI26: =IF(TODAY()>=$AI$1-6,SUM(OFFSET(DEVO!$F$1,MATCH($G26,DEVO!$E:$E,0)-1,MATCH(AF$1,DEVO!$1:$1,0)-6,1,7)),"") -> #N/A | AJ26: =IF(TODAY()>=$AM$1-6,SUM(OFFSET(ASISTENCIA!$E$1,MATCH($G26,ASISTENCIA!$E:$E,0)-1,MATCH(AJ$1,ASISTENCIA!$3:$3,0)-5,1,1)),"") -> #N/A | AK26: =OFFSET(ASISTENCIA!$E$1,MATCH($G26,ASISTENCIA!$E:$E,0)-1,MATCH(AK$1,ASISTENCIA!$3:$3,0)-5,1,1) -> #N/A | AL26: =OFFSET(ASISTENCIA!$E$1,MATCH($G26,ASISTENCIA!$E:$E,0)-1,MATCH(AL$1,ASISTENCIA!$3:$3,0)-5,1,1) -> #N/A | AM26: =IF(TODAY()>=$AM$1-6,SUM(OFFSET(DEVO!$F$1,MATCH($G26,DEVO!$E:$E,0)-1,MATCH(AJ$1,DEVO!$1:$1,0)-6,1,7)),"") -> #N/A | AN26: =IF(TODAY()>=$AQ$1-6,SUM(OFFSET(ASISTENCIA!$E$1,MATCH($G26,ASISTENCIA!$E:$E,0)-1,MATCH(AN$1,ASISTENCIA!$3:$3,0)-5,1,1)),"") -> #N/A | AO26: =OFFSET(ASISTENCIA!$E$1,MATCH($G26,ASISTENCIA!$E:$E,0)-1,MATCH(AO$1,ASISTENCIA!$3:$3,0)-5,1,1) -> #N/A | AP26: =OFFSET(ASISTENCIA!$E$1,MATCH($G26,ASISTENCIA!$E:$E,0)-1,MATCH(AP$1,ASISTENCIA!$3:$3,0)-5,1,1) -> #N/A | AQ26: =IF(TODAY()>=$AQ$1-6,SUM(OFFSET(DEVO!$F$1,MATCH($G26,DEVO!$E:$E,0)-1,MATCH(AN$1,DEVO!$1:$1,0)-6,1,7)),"") -> #N/A | AR26: =IF(TODAY()>=$AU$1-6,SUM(OFFSET(ASISTENCIA!$E$1,MATCH($G26,ASISTENCIA!$E:$E,0)-1,MATCH(AR$1,ASISTENCIA!$3:$3,0)-5,1,1)),"") -> #N/A | AS26: =OFFSET(ASISTENCIA!$E$1,MATCH($G26,ASISTENCIA!$E:$E,0)-1,MATCH(AS$1,ASISTENCIA!$3:$3,0)-5,1,1) -> #N/A | AT26: =OFFSET(ASISTENCIA!$E$1,MATCH($G26,ASISTENCIA!$E:$E,0)-1,MATCH(AT$1,ASISTENCIA!$3:$3,0)-5,1,1) -> #N/A | AU26: =IF(TODAY()>=$AU$1-6,SUM(OFFSET(DEVO!$F$1,MATCH($G26,DEVO!$E:$E,0)-1,MATCH(AR$1,DEVO!$1:$1,0)-6,1,7)),"") -> #N/A | AV26: =OFFSET(ASISTENCIA!$E$1,MATCH($G26,ASISTENCIA!$E:$E,0)-1,MATCH(AV$1,ASISTENCIA!$3:$3,0)-5,1,1) -> #N/A | AW26: =OFFSET(ASISTENCIA!$E$1,MATCH($G26,ASISTENCIA!$E:$E,0)-1,MATCH(AW$1,ASISTENCIA!$3:$3,0)-5,1,1) -> #N/A | AY26: =IF(TODAY()>=$O$1-6,COUNTIF(L26,">"&0)," ") -> 0 | AZ26: =IF(TODAY()>=$S$1-6,COUNTIF(P26,">"&0)," ") -> 0 | BA26: =IF(TODAY()>=$W$1-6,COUNTIF(T26,">"&0)," ") -> 0 | BB26: =IF(TODAY()>=$AA$1-6,COUNTIF(X26,">"&0)," ") -> 0 | BC26: =IF(TODAY()>=$AE$1-6,COUNTIF(AB26,">"&0)," ") -> 0 | BD26: =IF(TODAY()>=$AI$1-6,COUNTIF(AF26,">"&0)," ") -> 0 | BE26: =IF(TODAY()>=$AM$1-6,COUNTIF(AJ26,">"&0)," ") -> 0 | BF26: =IF(TODAY()>=$AQ$1-6,COUNTIF(AN26,">"&0)," ") -> 0 | BG26: =IF(TODAY()>=$AU$1-6,COUNTIF(AR26,">"&0)," ") -> 0 | BH26: =IFERROR(SUM(AY26:BG26)/$BJ$2,0)*10 -> 0 | BI26: =VLOOKUP(BH26,$BX$4:$BY$11,2,1) -> OBSERVADOS | BJ26: =IF(TODAY()>=$O$1-6,VLOOKUP(10*SUMPRODUCT($BJ$1:$BM$1,L26:O26)/MIN((TODAY()-$O$1+7),7),$BX$15:$BY$22,2,1)," ") -> #N/A | BK26: =IF(TODAY()>=$S$1-6,VLOOKUP(10*SUMPRODUCT($BJ$1:$BM$1,P26:S26)/MIN((TODAY()-$S$1+7),7),$BX$15:$BY$22,2,1)," ") -> #N/A | BL26: =IF(TODAY()>=$W$1-6,VLOOKUP(10*SUMPRODUCT($BJ$1:$BM$1,T26:W26)/MIN((TODAY()-$W$1+7),7),$BX$15:$BY$22,2,1)," ") -> #N/A | BM26: =IF(TODAY()>=$AA$1-6,VLOOKUP(10*SUMPRODUCT($BJ$1:$BM$1,X26:AA26)/MIN((TODAY()-$AA$1+7),7),$BX$15:$BY$22,2,1)," ") -> #N/A | BN26: =IF(TODAY()>=$AE$1-6,VLOOKUP(10*SUMPRODUCT($BJ$1:$BM$1,AB26:AE26)/MIN((TODAY()-$AE$1+7),7),$BX$15:$BY$22,2,1)," ") -> #N/A | BO26: =IF(TODAY()>=$AI$1-6,VLOOKUP(10*SUMPRODUCT($BJ$1:$BM$1,AF26:AI26)/MIN((TODAY()-$AI$1+7),7),$BX$15:$BY$22,2,1)," ") -> #N/A | BP26: =IF(TODAY()>=$AM$1-6,VLOOKUP(10*SUMPRODUCT($BJ$1:$BM$1,AJ26:AM26)/MIN((TODAY()-$AM$1+7),7),$BX$15:$BY$22,2,1)," ") -> #N/A | BQ26: =IF(TODAY()>=$AQ$1-6,VLOOKUP(10*SUMPRODUCT($BJ$1:$BM$1,AN26:AQ26)/MIN((TODAY()-$AQ$1+7),7),$BX$15:$BY$22,2,1)," ") -> #N/A | BR26: =IF(TODAY()>=$AU$1-6,VLOOKUP(10*SUMPRODUCT($BJ$1:$BM$1,AR26:AU26)/MIN((TODAY()-$AU$1+7),7),$BX$15:$BY$22,2,1)," ") -> #N/A | BS26: =OFFSET(ASISTENCIA!$E$1,MATCH($G26,ASISTENCIA!$E:$E,0)-1,MATCH(BS$1,ASISTENCIA!$3:$3,0)-5,1,1) -> #N/A | BT26: =OFFSET(ASISTENCIA!$E$1,MATCH($G26,ASISTENCIA!$E:$E,0)-1,MATCH(BT$1,ASISTENCIA!$3:$3,0)-5,1,1) -> #N/A | BU26: =OFFSET(ASISTENCIA!$E$1,MATCH($G26,ASISTENCIA!$E:$E,0)-1,MATCH(BU$1,ASISTENCIA!$3:$3,0)-5,1,1) -> #N/A | BV26: =OFFSET(ASISTENCIA!$E$1,MATCH($G26,ASISTENCIA!$E:$E,0)-1,MATCH(BV$1,ASISTENCIA!$3:$3,0)-5,1,1) -> #N/A
